value,datetime,station_id
76.2228648713035,2008-07-01 00:00:00,1
77.5855026642686,2008-07-01 01:00:00,1
78.981068600815,2008-07-01 02:00:00,1
80.3099267354993,2008-07-01 03:00:00,1
81.4861091764329,2008-07-01 04:00:00,1
82.4429921990092,2008-07-01 05:00:00,1
83.1372768695965,2008-07-01 06:00:00,1
83.5506129894616,2008-07-01 07:00:00,1
83.6886389520569,2008-07-01 08:00:00,1
83.5776907343492,2008-07-01 09:00:00,1
83.2598212943265,2008-07-01 10:00:00,1
82.7869741339682,2008-07-01 11:00:00,1
82.215150444091,2008-07-01 12:00:00,1
81.5992416179875,2008-07-01 13:00:00,1
80.9889468684834,2008-07-01 14:00:00,1
80.4259390913347,2008-07-01 15:00:00,1
79.942237580338,2008-07-01 16:00:00,1
79.5596184465432,2008-07-01 17:00:00,1
79.2898399818258,2008-07-01 18:00:00,1
79.1354616522148,2008-07-01 19:00:00,1
79.0910676135921,2008-07-01 20:00:00,1
79.1447471426952,2008-07-01 21:00:00,1
79.2797205640964,2008-07-01 22:00:00,1
79.4760232004944,2008-07-01 23:00:00,1
79.7121711590056,2008-07-02 00:00:00,1
79.966735375586,2008-07-02 01:00:00,1
80.2197503151847,2008-07-02 02:00:00,1
80.4538869933833,2008-07-02 03:00:00,1
80.6553306643387,2008-07-02 04:00:00,1
80.8143229410768,2008-07-02 05:00:00,1
80.9253546895019,2008-07-02 06:00:00,1
80.9870259275739,2008-07-02 07:00:00,1
81.0016172929924,2008-07-02 08:00:00,1
80.9744398809232,2008-07-02 09:00:00,1
80.9130433142076,2008-07-02 10:00:00,1
80.8263647331439,2008-07-02 11:00:00,1
80.723894901749,2008-07-02 12:00:00,1
80.6149241896928,2008-07-02 13:00:00,1
80.5079138422398,2008-07-02 14:00:00,1
80.4100196519938,2008-07-02 15:00:00,1
80.3267782332889,2008-07-02 16:00:00,1
80.2619520402793,2008-07-02 17:00:00,1
80.2175186766584,2008-07-02 18:00:00,1
80.1937828706372,2008-07-02 19:00:00,1
80.1895852893759,2008-07-02 20:00:00,1
80.2025805518369,2008-07-02 21:00:00,1
80.2295568105725,2008-07-02 22:00:00,1
80.2667706787657,2008-07-02 23:00:00,1
80.3102737840688,2008-07-03 00:00:00,1
80.3562106376932,2008-07-03 01:00:00,1
80.4010716518678,2008-07-03 02:00:00,1
80.4418898331003,2008-07-03 03:00:00,1
80.4763746761708,2008-07-03 04:00:00,1
80.502981777485,2008-07-03 05:00:00,1
80.5209213354904,2008-07-03 06:00:00,1
80.5301126808318,2008-07-03 07:00:00,1
80.5310950106509,2008-07-03 08:00:00,1
80.524906420803,2008-07-03 09:00:00,1
80.512944088336,2008-07-03 10:00:00,1
80.4968181254685,2008-07-03 11:00:00,1
80.4782103754372,2008-07-03 12:00:00,1
80.4587474853683,2008-07-03 13:00:00,1
80.4398952349549,2008-07-03 14:00:00,1
80.4228785786491,2008-07-03 15:00:00,1
80.4086293969846,2008-07-03 16:00:00,1
80.3977617249744,2008-07-03 17:00:00,1
80.3905723541904,2008-07-03 18:00:00,1
80.3870632609881,2008-07-03 19:00:00,1
80.3869813234795,2008-07-03 20:00:00,1
80.3898702466816,2008-07-03 21:00:00,1
80.3951294854102,2008-07-03 22:00:00,1
80.4020751862138,2008-07-03 23:00:00,1
80.4099986987817,2008-07-04 00:00:00,1
80.4182189616831,2008-07-04 01:00:00,1
80.426125970859,2008-07-04 02:00:00,1
80.4332135154876,2008-07-04 03:00:00,1
80.4391003416781,2008-07-04 04:00:00,1
80.4435398143231,2008-07-04 05:00:00,1
80.4464189367686,2008-07-04 06:00:00,1
80.4477482162446,2008-07-04 07:00:00,1
80.4476443055565,2008-07-04 08:00:00,1
80.4463076000926,2008-07-04 09:00:00,1
80.4439970307947,2008-07-04 10:00:00,1
80.4410041885051,2008-07-04 11:00:00,1
80.4376286730195,2008-07-04 12:00:00,1
80.4341562173818,2008-07-04 13:00:00,1
80.4308407329739,2008-07-04 14:00:00,1
80.4278909913689,2008-07-04 15:00:00,1
80.4254622385943,2008-07-04 16:00:00,1
80.423652654611,2008-07-04 17:00:00,1
80.4225042468451,2008-07-04 18:00:00,1
80.4220075156648,2008-07-04 19:00:00,1
80.4221090588262,2008-07-04 20:00:00,1
80.4227211917201,2008-07-04 21:00:00,1
80.4237326458011,2008-07-04 22:00:00,1
80.4250194595474,2008-07-04 23:00:00,1
80.4264552821695,2008-07-05 00:00:00,1
80.4279204556284,2008-07-05 01:00:00,1
80.4293094101421,2008-07-05 02:00:00,1
80.4305360874159,2008-07-05 03:00:00,1
80.4315372807588,2008-07-05 04:00:00,1
80.4322739405237,2008-07-05 05:00:00,1
80.4327306279682,2008-07-05 06:00:00,1
80.4329134045822,2008-07-05 07:00:00,1
80.4328465140086,2008-07-05 08:00:00,1
80.4325682495217,2008-07-05 09:00:00,1
80.4321264036949,2008-07-05 10:00:00,1
80.4315736724586,2008-07-05 11:00:00,1
80.4309633387048,2008-07-05 12:00:00,1
80.4303454972847,2008-07-05 13:00:00,1
80.4297640102911,2008-07-05 14:00:00,1
80.4292543053082,2008-07-05 15:00:00,1
80.4288420555971,2008-07-05 16:00:00,1
80.4285427147443,2008-07-05 17:00:00,1
80.4283618227644,2008-07-05 18:00:00,1
80.4282959583682,2008-07-05 19:00:00,1
80.4283341842337,2008-07-05 20:00:00,1
80.4284598186095,2008-07-05 21:00:00,1
80.428652366441,2008-07-05 22:00:00,1
80.4288894546381,2008-07-05 23:00:00,1
80.4291486367529,2008-07-06 00:00:00,1
80.4294089595363,2008-07-06 01:00:00,1
80.429652214833,2008-07-06 02:00:00,1
80.4298638323942,2008-07-06 03:00:00,1
80.4300334000728,2008-07-06 04:00:00,1
80.4301548255259,2008-07-06 05:00:00,1
80.4302261765146,2008-07-06 06:00:00,1
80.4302492541886,2008-07-06 07:00:00,1
80.4302289649383,2008-07-06 08:00:00,1
80.4301725615366,2008-07-06 09:00:00,1
80.430088823826,2008-07-06 10:00:00,1
80.4299872439327,2008-07-06 11:00:00,1
80.4298772719148,2008-07-06 12:00:00,1
80.4297676660191,2008-07-06 13:00:00,1
80.42966597851,2008-07-06 14:00:00,1
80.4295781944547,2008-07-06 15:00:00,1
80.4295085278936,2008-07-06 16:00:00,1
80.4294593683151,2008-07-06 17:00:00,1
80.4294313608838,2008-07-06 18:00:00,1
80.4294235968255,2008-07-06 19:00:00,1
80.4294338859168,2008-07-06 20:00:00,1
80.4294590811155,2008-07-06 21:00:00,1
80.4294954257897,2008-07-06 22:00:00,1
80.4295388964192,2008-07-06 23:00:00,1
80.429585517614,2008-07-07 00:00:00,1
80.4296316313337,2008-07-07 01:00:00,1
80.4296741078102,2008-07-07 02:00:00,1
80.429710491403,2008-07-07 03:00:00,1
80.4297390800409,2008-07-07 04:00:00,1
80.4297589416934,2008-07-07 05:00:00,1
80.4297698752153,2008-07-07 06:00:00,1
80.4297723257786,2008-07-07 07:00:00,1
80.4297672668788,2008-07-07 08:00:00,1
80.4297560616034,2008-07-07 09:00:00,1
80.4297403155809,2008-07-07 10:00:00,1
80.4297217329297,2008-07-07 11:00:00,1
80.4297019847943,2008-07-07 12:00:00,1
80.4296825978891,2008-07-07 13:00:00,1
80.4296648680825,2008-07-07 14:00:00,1
80.4296498016404,2008-07-07 15:00:00,1
80.4296380844745,2008-07-07 16:00:00,1
80.4296300777539,2008-07-07 17:00:00,1
80.42962583663,2008-07-07 18:00:00,1
80.4296251476612,2008-07-07 19:00:00,1
80.4296275798207,2008-07-07 20:00:00,1
80.4296325437191,2008-07-07 21:00:00,1
80.4296393538269,2008-07-07 22:00:00,1
80.4296472889779,2008-07-07 23:00:00,1
value,datetime,station_id
76.2228648713035,2008-07-01 00:00:00,2
77.5855026642686,2008-07-01 01:00:00,2
78.981068600815,2008-07-01 02:00:00,2
80.3099267354993,2008-07-01 03:00:00,2
81.4861091764329,2008-07-01 04:00:00,2
82.4429921990092,2008-07-01 05:00:00,2
83.1372768695965,2008-07-01 06:00:00,2
83.5506129894616,2008-07-01 07:00:00,2
83.6886389520569,2008-07-01 08:00:00,2
83.5776907343492,2008-07-01 09:00:00,2
83.2598212943265,2008-07-01 10:00:00,2
82.7869741339682,2008-07-01 11:00:00,2
82.215150444091,2008-07-01 12:00:00,2
81.5992416179875,2008-07-01 13:00:00,2
80.9889468684834,2008-07-01 14:00:00,2
80.4259390913347,2008-07-01 15:00:00,2
79.942237580338,2008-07-01 16:00:00,2
79.5596184465432,2008-07-01 17:00:00,2
79.2898399818258,2008-07-01 18:00:00,2
79.1354616522148,2008-07-01 19:00:00,2
79.0910676135921,2008-07-01 20:00:00,2
79.1447471426952,2008-07-01 21:00:00,2
79.2797205640964,2008-07-01 22:00:00,2
79.4760232004944,2008-07-01 23:00:00,2
79.7121711590056,2008-07-02 00:00:00,2
79.966735375586,2008-07-02 01:00:00,2
80.2197503151847,2008-07-02 02:00:00,2
80.4538869933833,2008-07-02 03:00:00,2
80.6553306643387,2008-07-02 04:00:00,2
80.8143229410768,2008-07-02 05:00:00,2
80.9253546895019,2008-07-02 06:00:00,2
80.9870259275739,2008-07-02 07:00:00,2
81.0016172929924,2008-07-02 08:00:00,2
80.9744398809232,2008-07-02 09:00:00,2
80.9130433142076,2008-07-02 10:00:00,2
80.8263647331439,2008-07-02 11:00:00,2
80.723894901749,2008-07-02 12:00:00,2
80.6149241896928,2008-07-02 13:00:00,2
80.5079138422398,2008-07-02 14:00:00,2
80.4100196519938,2008-07-02 15:00:00,2
80.3267782332889,2008-07-02 16:00:00,2
80.2619520402793,2008-07-02 17:00:00,2
80.2175186766584,2008-07-02 18:00:00,2
80.1937828706372,2008-07-02 19:00:00,2
80.1895852893759,2008-07-02 20:00:00,2
80.2025805518369,2008-07-02 21:00:00,2
80.2295568105725,2008-07-02 22:00:00,2
80.2667706787657,2008-07-02 23:00:00,2
80.3102737840688,2008-07-03 00:00:00,2
80.3562106376932,2008-07-03 01:00:00,2
80.4010716518678,2008-07-03 02:00:00,2
80.4418898331003,2008-07-03 03:00:00,2
80.4763746761708,2008-07-03 04:00:00,2
80.502981777485,2008-07-03 05:00:00,2
80.5209213354904,2008-07-03 06:00:00,2
80.5301126808318,2008-07-03 07:00:00,2
80.5310950106509,2008-07-03 08:00:00,2
80.524906420803,2008-07-03 09:00:00,2
80.512944088336,2008-07-03 10:00:00,2
80.4968181254685,2008-07-03 11:00:00,2
80.4782103754372,2008-07-03 12:00:00,2
80.4587474853683,2008-07-03 13:00:00,2
80.4398952349549,2008-07-03 14:00:00,2
80.4228785786491,2008-07-03 15:00:00,2
80.4086293969846,2008-07-03 16:00:00,2
80.3977617249744,2008-07-03 17:00:00,2
80.3905723541904,2008-07-03 18:00:00,2
80.3870632609881,2008-07-03 19:00:00,2
80.3869813234795,2008-07-03 20:00:00,2
80.3898702466816,2008-07-03 21:00:00,2
80.3951294854102,2008-07-03 22:00:00,2
80.4020751862138,2008-07-03 23:00:00,2
80.4099986987817,2008-07-04 00:00:00,2
80.4182189616831,2008-07-04 01:00:00,2
80.426125970859,2008-07-04 02:00:00,2
80.4332135154876,2008-07-04 03:00:00,2
80.4391003416781,2008-07-04 04:00:00,2
80.4435398143231,2008-07-04 05:00:00,2
80.4464189367686,2008-07-04 06:00:00,2
80.4477482162446,2008-07-04 07:00:00,2
80.4476443055565,2008-07-04 08:00:00,2
80.4463076000926,2008-07-04 09:00:00,2
80.4439970307947,2008-07-04 10:00:00,2
80.4410041885051,2008-07-04 11:00:00,2
80.4376286730195,2008-07-04 12:00:00,2
80.4341562173818,2008-07-04 13:00:00,2
80.4308407329739,2008-07-04 14:00:00,2
80.4278909913689,2008-07-04 15:00:00,2
80.4254622385943,2008-07-04 16:00:00,2
80.423652654611,2008-07-04 17:00:00,2
80.4225042468451,2008-07-04 18:00:00,2
80.4220075156648,2008-07-04 19:00:00,2
80.4221090588262,2008-07-04 20:00:00,2
80.4227211917201,2008-07-04 21:00:00,2
80.4237326458011,2008-07-04 22:00:00,2
80.4250194595474,2008-07-04 23:00:00,2
80.4264552821695,2008-07-05 00:00:00,2
80.4279204556284,2008-07-05 01:00:00,2
80.4293094101421,2008-07-05 02:00:00,2
80.4305360874159,2008-07-05 03:00:00,2
80.4315372807588,2008-07-05 04:00:00,2
80.4322739405237,2008-07-05 05:00:00,2
80.4327306279682,2008-07-05 06:00:00,2
80.4329134045822,2008-07-05 07:00:00,2
80.4328465140086,2008-07-05 08:00:00,2
80.4325682495217,2008-07-05 09:00:00,2
80.4321264036949,2008-07-05 10:00:00,2
80.4315736724586,2008-07-05 11:00:00,2
80.4309633387048,2008-07-05 12:00:00,2
80.4303454972847,2008-07-05 13:00:00,2
80.4297640102911,2008-07-05 14:00:00,2
80.4292543053082,2008-07-05 15:00:00,2
80.4288420555971,2008-07-05 16:00:00,2
80.4285427147443,2008-07-05 17:00:00,2
80.4283618227644,2008-07-05 18:00:00,2
80.4282959583682,2008-07-05 19:00:00,2
80.4283341842337,2008-07-05 20:00:00,2
80.4284598186095,2008-07-05 21:00:00,2
80.428652366441,2008-07-05 22:00:00,2
80.4288894546381,2008-07-05 23:00:00,2
80.4291486367529,2008-07-06 00:00:00,2
80.4294089595363,2008-07-06 01:00:00,2
80.429652214833,2008-07-06 02:00:00,2
80.4298638323942,2008-07-06 03:00:00,2
80.4300334000728,2008-07-06 04:00:00,2
80.4301548255259,2008-07-06 05:00:00,2
80.4302261765146,2008-07-06 06:00:00,2
80.4302492541886,2008-07-06 07:00:00,2
80.4302289649383,2008-07-06 08:00:00,2
80.4301725615366,2008-07-06 09:00:00,2
80.430088823826,2008-07-06 10:00:00,2
80.4299872439327,2008-07-06 11:00:00,2
80.4298772719148,2008-07-06 12:00:00,2
80.4297676660191,2008-07-06 13:00:00,2
80.42966597851,2008-07-06 14:00:00,2
80.4295781944547,2008-07-06 15:00:00,2
80.4295085278936,2008-07-06 16:00:00,2
80.4294593683151,2008-07-06 17:00:00,2
80.4294313608838,2008-07-06 18:00:00,2
80.4294235968255,2008-07-06 19:00:00,2
80.4294338859168,2008-07-06 20:00:00,2
80.4294590811155,2008-07-06 21:00:00,2
80.4294954257897,2008-07-06 22:00:00,2
80.4295388964192,2008-07-06 23:00:00,2
80.429585517614,2008-07-07 00:00:00,2
80.4296316313337,2008-07-07 01:00:00,2
80.4296741078102,2008-07-07 02:00:00,2
80.429710491403,2008-07-07 03:00:00,2
80.4297390800409,2008-07-07 04:00:00,2
80.4297589416934,2008-07-07 05:00:00,2
80.4297698752153,2008-07-07 06:00:00,2
80.4297723257786,2008-07-07 07:00:00,2
80.4297672668788,2008-07-07 08:00:00,2
80.4297560616034,2008-07-07 09:00:00,2
80.4297403155809,2008-07-07 10:00:00,2
80.4297217329297,2008-07-07 11:00:00,2
80.4297019847943,2008-07-07 12:00:00,2
80.4296825978891,2008-07-07 13:00:00,2
80.4296648680825,2008-07-07 14:00:00,2
80.4296498016404,2008-07-07 15:00:00,2
80.4296380844745,2008-07-07 16:00:00,2
80.4296300777539,2008-07-07 17:00:00,2
80.42962583663,2008-07-07 18:00:00,2
80.4296251476612,2008-07-07 19:00:00,2
80.4296275798207,2008-07-07 20:00:00,2
80.4296325437191,2008-07-07 21:00:00,2
80.4296393538269,2008-07-07 22:00:00,2
80.4296472889779,2008-07-07 23:00:00,2
value,datetime,station_id
74.3738491859988,2008-07-01 00:00:00,3
74.9948967566733,2008-07-01 01:00:00,3
75.8052366467923,2008-07-01 02:00:00,3
76.7384626289617,2008-07-01 03:00:00,3
77.7235767532571,2008-07-01 04:00:00,3
78.6894850582942,2008-07-01 05:00:00,3
79.5698504921768,2008-07-01 06:00:00,3
80.3078689918968,2008-07-01 07:00:00,3
80.8604098958038,2008-07-01 08:00:00,3
81.2009636686155,2008-07-01 09:00:00,3
81.3209797442739,2008-07-01 10:00:00,3
81.2294236327638,2008-07-01 11:00:00,3
80.9506701960117,2008-07-01 12:00:00,3
80.5211033442029,2008-07-01 13:00:00,3
79.9849511491762,2008-07-01 14:00:00,3
79.389923319632,2008-07-01 15:00:00,3
78.7831464362927,2008-07-01 16:00:00,3
78.2077496781636,2008-07-01 17:00:00,3
77.7002879401833,2008-07-01 18:00:00,3
77.2890414865404,2008-07-01 19:00:00,3
76.9931265049602,2008-07-01 20:00:00,3
76.8222959309005,2008-07-01 21:00:00,3
76.7772973742411,2008-07-01 22:00:00,3
76.8506698429906,2008-07-01 23:00:00,3
77.0278865103843,2008-07-02 00:00:00,3
77.28877305478,2008-07-02 01:00:00,3
77.609141350134,2008-07-02 02:00:00,3
77.9625737348009,2008-07-02 03:00:00,3
78.3222765523131,2008-07-02 04:00:00,3
78.6629001480283,2008-07-02 05:00:00,3
78.9622050855153,2008-07-02 06:00:00,3
79.2024495635601,2008-07-02 07:00:00,3
79.3713864148454,2008-07-02 08:00:00,3
79.4627904772525,2008-07-02 09:00:00,3
79.4764842728296,2008-07-02 10:00:00,3
79.4178835704238,2008-07-02 11:00:00,3
79.2971346638817,2008-07-02 12:00:00,3
79.1279532549522,2008-07-02 13:00:00,3
78.9262951461982,2008-07-02 14:00:00,3
78.7089902857337,2008-07-02 15:00:00,3
78.4924568124645,2008-07-02 16:00:00,3
78.2915860151837,2008-07-02 17:00:00,3
78.118858779935,2008-07-02 18:00:00,3
77.9837246396536,2008-07-02 19:00:00,3
77.8922496653735,2008-07-02 20:00:00,3
77.8470207763045,2008-07-02 21:00:00,3
77.8472814363093,2008-07-02 22:00:00,3
77.8892658442601,2008-07-02 23:00:00,3
77.9666939094453,2008-07-03 00:00:00,3
78.0713860495631,2008-07-03 01:00:00,3
78.1939543012202,2008-07-03 02:00:00,3
78.3245242902438,2008-07-03 03:00:00,3
78.4534418114305,2008-07-03 04:00:00,3
78.5719190015096,2008-07-03 05:00:00,3
78.6725792104303,2008-07-03 06:00:00,3
78.7498671513898,2008-07-03 07:00:00,3
78.8003015781972,2008-07-03 08:00:00,3
78.8225607520307,2008-07-03 09:00:00,3
78.8174049188919,2008-07-03 10:00:00,3
78.78745325753,2008-07-03 11:00:00,3
78.736843692116,2008-07-03 12:00:00,3
78.6708114116762,2008-07-03 13:00:00,3
78.5952253186232,2008-07-03 14:00:00,3
78.5161210094938,2008-07-03 15:00:00,3
78.4392648876158,2008-07-03 16:00:00,3
78.3697775827804,2008-07-03 17:00:00,3
78.3118370843202,2008-07-03 18:00:00,3
78.2684738690471,2008-07-03 19:00:00,3
78.2414625887627,2008-07-03 20:00:00,3
78.231308064798,2008-07-03 21:00:00,3
78.2373176602999,2008-07-03 22:00:00,3
78.2577476250203,2008-07-03 23:00:00,3
78.2900076967857,2008-07-04 00:00:00,3
78.3309060410545,2008-07-04 01:00:00,3
78.3769154799228,2008-07-04 02:00:00,3
78.4244419017951,2008-07-04 03:00:00,3
78.4700767618582,2008-07-04 04:00:00,3
78.5108176644309,2008-07-04 05:00:00,3
78.5442440777039,2008-07-04 06:00:00,3
78.568639091677,2008-07-04 07:00:00,3
78.5830525147517,2008-07-04 08:00:00,3
78.5873051590045,2008-07-04 09:00:00,3
78.5819384988881,2008-07-04 10:00:00,3
78.5681176316095,2008-07-04 11:00:00,3
78.5474983190876,2008-07-04 12:00:00,3
78.5220706604194,2008-07-04 13:00:00,3
78.4939925675732,2008-07-04 14:00:00,3
78.4654257567883,2008-07-04 15:00:00,3
78.4383855855195,2008-07-04 16:00:00,3
78.414613986632,2008-07-04 17:00:00,3
78.3954822321097,2008-07-04 18:00:00,3
78.3819275457867,2008-07-04 19:00:00,3
78.3744248965811,2008-07-04 20:00:00,3
78.3729928158569,2008-07-04 21:00:00,3
78.3772299250339,2008-07-04 22:00:00,3
78.3863771213507,2008-07-04 23:00:00,3
78.3993991054599,2008-07-05 00:00:00,3
78.4150781714012,2008-07-05 01:00:00,3
78.4321129213093,2008-07-05 02:00:00,3
78.4492147960097,2008-07-05 03:00:00,3
78.4651959881423,2008-07-05 04:00:00,3
78.4790433630392,2008-07-05 05:00:00,3
78.4899743679208,2008-07-05 06:00:00,3
78.4974724562035,2008-07-05 07:00:00,3
78.5013011722187,2008-07-05 08:00:00,3
78.501497610427,2008-07-05 09:00:00,3
78.4983473680503,2008-07-05 10:00:00,3
78.4923442551438,2008-07-05 11:00:00,3
78.4841388428041,2008-07-05 12:00:00,3
78.4744803820888,2008-07-05 13:00:00,3
78.4641567102599,2008-07-05 14:00:00,3
78.4539365046201,2008-07-05 15:00:00,3
78.4445176994941,2008-07-05 16:00:00,3
78.4364851175516,2008-07-05 17:00:00,3
78.4302794600005,2008-07-05 18:00:00,3
78.4261788294526,2008-07-05 19:00:00,3
78.4242929976695,2008-07-05 20:00:00,3
78.4245697416123,2008-07-05 21:00:00,3
78.4268118068606,2008-07-05 22:00:00,3
78.430702455725,2008-07-05 23:00:00,3
78.4358371427472,2008-07-06 00:00:00,3
78.4417586438665,2008-07-06 01:00:00,3
78.4479929456237,2008-07-06 02:00:00,3
78.4540833639158,2008-07-06 03:00:00,3
78.4596206840082,2008-07-06 04:00:00,3
78.4642675620205,2008-07-06 05:00:00,3
78.4677759636751,2008-07-06 06:00:00,3
78.4699969957686,2008-07-06 07:00:00,3
78.4708830659596,2008-07-06 08:00:00,3
78.4704828460627,2008-07-06 09:00:00,3
78.4689299776496,2008-07-06 10:00:00,3
78.4664268190269,2008-07-06 11:00:00,3
78.4632247719165,2008-07-06 12:00:00,3
78.4596028371841,2008-07-06 13:00:00,3
78.4558460346291,2008-07-06 14:00:00,3
78.4522251940708,2008-07-06 15:00:00,3
78.448979402812,2008-07-06 16:00:00,3
78.4463021021218,2008-07-06 17:00:00,3
78.4443314893689,2008-07-06 18:00:00,3
78.4431455300618,2008-07-06 19:00:00,3
78.4427615409463,2008-07-06 20:00:00,3
78.4431399940854,2008-07-06 21:00:00,3
78.4441919308177,2008-07-06 22:00:00,3
78.4457891770152,2008-07-06 23:00:00,3
78.4477764251402,2008-07-07 00:00:00,3
78.4499841968379,2008-07-07 01:00:00,3
78.4522417197235,2008-07-07 02:00:00,3
78.4543888365817,2008-07-07 03:00:00,3
78.4562862035536,2008-07-07 04:00:00,3
78.4578232123916,2008-07-07 05:00:00,3
78.4589232750959,2008-07-07 06:00:00,3
78.4595463212374,2008-07-07 07:00:00,3
78.4596885635975,2008-07-07 08:00:00,3
78.4593797726191,2008-07-07 09:00:00,3
78.4586784532702,2008-07-07 10:00:00,3
78.4576654311001,2008-07-07 11:00:00,3
78.4564364228483,2008-07-07 12:00:00,3
78.4550941898277,2008-07-07 13:00:00,3
78.4537408516575,2008-07-07 14:00:00,3
78.4524708788846,2008-07-07 15:00:00,3
78.4513651929658,2008-07-07 16:00:00,3
78.4504866898853,2008-07-07 17:00:00,3
78.4498773790198,2008-07-07 18:00:00,3
78.4495572013997,2008-07-07 19:00:00,3
78.4495244702704,2008-07-07 20:00:00,3
78.4497577696458,2008-07-07 21:00:00,3
78.4502190595428,2008-07-07 22:00:00,3
78.4508576740708,2008-07-07 23:00:00,3
value,datetime,station_id
71.1661536460756,2008-07-01 00:00:00,4
71.8106260830282,2008-07-01 01:00:00,4
72.7944372951784,2008-07-01 02:00:00,4
73.9872441454683,2008-07-01 03:00:00,4
75.2706027225082,2008-07-01 04:00:00,4
76.5417166523577,2008-07-01 05:00:00,4
77.7169687786839,2008-07-01 06:00:00,4
78.7344599068323,2008-07-01 07:00:00,4
79.5549633375257,2008-07-01 08:00:00,4
80.1610483673955,2008-07-01 09:00:00,4
80.5545056183849,2008-07-01 10:00:00,4
80.7525107380382,2008-07-01 11:00:00,4
80.7831242605523,2008-07-01 12:00:00,4
80.6807337471987,2008-07-01 13:00:00,4
80.4819342992222,2008-07-01 14:00:00,4
80.2221714284455,2008-07-01 15:00:00,4
79.9332907366905,2008-07-01 16:00:00,4
79.6419901077952,2008-07-01 17:00:00,4
79.3690696462776,2008-07-01 18:00:00,4
79.1293227011056,2008-07-01 19:00:00,4
78.9318980263644,2008-07-01 20:00:00,4
78.7809749472109,2008-07-01 21:00:00,4
78.676617914155,2008-07-01 22:00:00,4
78.6157049743666,2008-07-01 23:00:00,4
78.5928511197878,2008-07-02 00:00:00,4
78.6012698895252,2008-07-02 01:00:00,4
78.6335347011906,2008-07-02 02:00:00,4
78.6822158451289,2008-07-02 03:00:00,4
78.7403808273469,2008-07-02 04:00:00,4
78.8019555374715,2008-07-02 05:00:00,4
78.8619519452992,2008-07-02 06:00:00,4
78.9165747689957,2008-07-02 07:00:00,4
78.9632246899128,2008-07-02 08:00:00,4
79.0004190511183,2008-07-02 09:00:00,4
79.0276524904191,2008-07-02 10:00:00,4
79.0452196994688,2008-07-02 11:00:00,4
79.0540207096451,2008-07-02 12:00:00,4
79.0553661537061,2008-07-02 13:00:00,4
79.0507962786132,2008-07-02 14:00:00,4
79.0419235290514,2008-07-02 15:00:00,4
79.0303046681693,2008-07-02 16:00:00,4
79.017344946858,2008-07-02 17:00:00,4
79.0042339666231,2008-07-02 18:00:00,4
78.9919106955499,2008-07-02 19:00:00,4
78.9810536008441,2008-07-02 20:00:00,4
78.9720910029339,2008-07-02 21:00:00,4
78.9652264446471,2008-07-02 22:00:00,4
78.9604739949957,2008-07-02 23:00:00,4
78.9576988569142,2008-07-03 00:00:00,4
78.9566593142017,2008-07-03 01:00:00,4
78.9570468393513,2008-07-03 02:00:00,4
78.958522010624,2008-07-03 03:00:00,4
78.9607446896596,2008-07-03 04:00:00,4
78.9633976422451,2008-07-03 05:00:00,4
78.9662034118639,2008-07-03 06:00:00,4
78.968934759277,2008-07-03 07:00:00,4
78.971419354545,2008-07-03 08:00:00,4
78.9735396534378,2008-07-03 09:00:00,4
78.975229018736,2008-07-03 10:00:00,4
78.9764651747732,2008-07-03 11:00:00,4
78.9772620303539,2008-07-03 12:00:00,4
78.9776607920121,2008-07-03 13:00:00,4
78.9777211372266,2008-07-03 14:00:00,4
78.9775130447421,2008-07-03 15:00:00,4
78.9771097029507,2008-07-03 16:00:00,4
78.9765817504466,2008-07-03 17:00:00,4
78.9759929549617,2008-07-03 18:00:00,4
78.975397314066,2008-07-03 19:00:00,4
78.9748374663108,2008-07-03 20:00:00,4
78.9743442352967,2008-07-03 21:00:00,4
78.9739370897782,2008-07-03 22:00:00,4
78.9736252872,2008-07-03 23:00:00,4
78.9734094718646,2008-07-04 00:00:00,4
78.9732835177126,2008-07-04 01:00:00,4
78.9732364348526,2008-07-04 02:00:00,4
78.9732541942224,2008-07-04 03:00:00,4
78.9733213623319,2008-07-04 04:00:00,4
78.9734224748215,2008-07-04 05:00:00,4
78.9735431112176,2008-07-04 06:00:00,4
78.9736706621327,2008-07-04 07:00:00,4
78.9737948033097,2008-07-04 08:00:00,4
78.9739077079967,2008-07-04 09:00:00,4
78.9740040403091,2008-07-04 10:00:00,4
78.9740807780171,2008-07-04 11:00:00,4
78.9741369143662,2008-07-04 12:00:00,4
78.9741730860257,2008-07-04 13:00:00,4
78.9741911690459,2008-07-04 14:00:00,4
78.9741938777395,2008-07-04 15:00:00,4
78.974184393551,2008-07-04 16:00:00,4
78.974166042978,2008-07-04 17:00:00,4
78.9741420360411,2008-07-04 18:00:00,4
78.9741152701018,2008-07-04 19:00:00,4
78.9740881982575,2008-07-04 20:00:00,4
78.9740627572566,2008-07-04 21:00:00,4
78.9740403468684,2008-07-04 22:00:00,4
78.9740218508615,2008-07-04 23:00:00,4
78.9740076890222,2008-07-05 00:00:00,4
78.9739978898213,2008-07-05 01:00:00,4
78.9739921741855,2008-07-05 02:00:00,4
78.9739900421546,2008-07-05 03:00:00,4
78.973990855808,2008-07-05 04:00:00,4
78.9739939135496,2008-07-05 05:00:00,4
78.9739985125153,2008-07-05 06:00:00,4
78.9740039973938,2008-07-05 07:00:00,4
78.9740097952668,2008-07-05 08:00:00,4
78.974015437126,2008-07-05 09:00:00,4
78.9740205674977,2008-07-05 10:00:00,4
78.9740249441188,2008-07-05 11:00:00,4
78.9740284298641,2008-07-05 12:00:00,4
78.9740309791811,2008-07-05 13:00:00,4
78.9740326211725,2008-07-05 14:00:00,4
78.9740334412291,2008-07-05 15:00:00,4
78.9740335628,2008-07-05 16:00:00,4
78.9740331305274,2008-07-05 17:00:00,4
78.9740322956136,2008-07-05 18:00:00,4
78.974031203941,2008-07-05 19:00:00,4
78.9740299871624,2008-07-05 20:00:00,4
78.9740287567254,2008-07-05 21:00:00,4
78.9740276006032,2008-07-05 22:00:00,4
78.9740265823611,2008-07-05 23:00:00,4
78.9740257421147,2008-07-06 00:00:00,4
78.9740250988968,2008-07-06 01:00:00,4
78.9740246539623,2008-07-06 02:00:00,4
78.9740243945968,2008-07-06 03:00:00,4
78.9740242980551,2008-07-06 04:00:00,4
78.9740243353301,2008-07-06 05:00:00,4
78.9740244745282,2008-07-06 06:00:00,4
78.9740246837041,2008-07-06 07:00:00,4
78.9740249330789,2008-07-06 08:00:00,4
78.9740251966219,2008-07-06 09:00:00,4
78.9740254530272,2008-07-06 10:00:00,4
78.97402568615,2008-07-06 11:00:00,4
78.9740258849907,2008-07-06 12:00:00,4
78.9740260433277,2008-07-06 13:00:00,4
78.9740261590997,2008-07-06 14:00:00,4
78.974026233637,2008-07-06 15:00:00,4
78.9740262708261,2008-07-06 16:00:00,4
78.9740262762815,2008-07-06 17:00:00,4
78.9740262565795,2008-07-06 18:00:00,4
78.9740262185926,2008-07-06 19:00:00,4
78.9740261689508,2008-07-06 20:00:00,4
78.974026113636,2008-07-06 21:00:00,4
78.9740260577116,2008-07-06 22:00:00,4
78.9740260051736,2008-07-06 23:00:00,4
78.9740259589087,2008-07-07 00:00:00,4
78.9740259207375,2008-07-07 01:00:00,4
78.9740258915232,2008-07-07 02:00:00,4
78.9740258713209,2008-07-07 03:00:00,4
78.9740258595514,2008-07-07 04:00:00,4
78.9740258551798,2008-07-07 05:00:00,4
78.9740258568873,2008-07-07 06:00:00,4
78.974025863224,2008-07-07 07:00:00,4
78.974025872738,2008-07-07 08:00:00,4
78.9740258840761,2008-07-07 09:00:00,4
78.9740258960554,2008-07-07 10:00:00,4
78.9740259077082,2008-07-07 11:00:00,4
78.9740259183013,2008-07-07 12:00:00,4
78.9740259273351,2008-07-07 13:00:00,4
78.9740259345274,2008-07-07 14:00:00,4
78.974025939785,2008-07-07 15:00:00,4
78.9740259431686,2008-07-07 16:00:00,4
78.9740259448551,2008-07-07 17:00:00,4
78.9740259450998,2008-07-07 18:00:00,4
78.9740259442019,2008-07-07 19:00:00,4
78.9740259424736,2008-07-07 20:00:00,4
78.9740259402162,2008-07-07 21:00:00,4
78.9740259377016,2008-07-07 22:00:00,4
78.9740259351598,2008-07-07 23:00:00,4
value,datetime,station_id
72.4849179431249,2008-07-01 00:00:00,5
73.2573321881094,2008-07-01 01:00:00,5
74.244295037151,2008-07-01 02:00:00,5
75.3353596605562,2008-07-01 03:00:00,5
76.4586539378045,2008-07-01 04:00:00,5
77.5171368602693,2008-07-01 05:00:00,5
78.4598216154135,2008-07-01 06:00:00,5
79.2211062628216,2008-07-01 07:00:00,5
79.7851071995879,2008-07-01 08:00:00,5
80.1260446194384,2008-07-01 09:00:00,5
80.2643983017424,2008-07-01 10:00:00,5
80.2085716791014,2008-07-01 11:00:00,5
80.0038120245965,2008-07-01 12:00:00,5
79.6772709837549,2008-07-01 13:00:00,5
79.281897665852,2008-07-01 14:00:00,5
78.8469967556113,2008-07-01 15:00:00,5
78.4188743185854,2008-07-01 16:00:00,5
78.0176406038951,2008-07-01 17:00:00,5
77.6753025907014,2008-07-01 18:00:00,5
77.3982799109927,2008-07-01 19:00:00,5
77.2029427887556,2008-07-01 20:00:00,5
77.0827831215789,2008-07-01 21:00:00,5
77.0412647469673,2008-07-01 22:00:00,5
77.0626399065649,2008-07-01 23:00:00,5
77.1420879206766,2008-07-02 00:00:00,5
77.2593931265798,2008-07-02 01:00:00,5
77.4064309217677,2008-07-02 02:00:00,5
77.5631153197952,2008-07-02 03:00:00,5
77.7223019687701,2008-07-02 04:00:00,5
77.8675607155644,2008-07-02 05:00:00,5
77.9955762132676,2008-07-02 06:00:00,5
78.0954541922028,2008-07-02 07:00:00,5
78.1687650947347,2008-07-02 08:00:00,5
78.2102598065591,2008-07-02 09:00:00,5
78.2257993615319,2008-07-02 10:00:00,5
78.2144908148264,2008-07-02 11:00:00,5
78.1848148739451,2008-07-02 12:00:00,5
78.1382482995031,2008-07-02 13:00:00,5
78.0839014683855,2008-07-02 14:00:00,5
78.0236665794533,2008-07-02 15:00:00,5
77.9656172764229,2008-07-02 16:00:00,5
77.9106493484136,2008-07-02 17:00:00,5
77.864812183487,2008-07-02 18:00:00,5
77.8273358075776,2008-07-02 19:00:00,5
77.8019929107479,2008-07-02 20:00:00,5
77.7863597844113,2008-07-02 21:00:00,5
77.7822623873551,2008-07-02 22:00:00,5
77.7861038041446,2008-07-02 23:00:00,5
77.7984271475451,2008-07-03 00:00:00,5
77.8151513666271,2008-07-03 01:00:00,5
77.8362808873454,2008-07-03 02:00:00,5
77.8579154966272,2008-07-03 03:00:00,5
77.8801448546366,2008-07-03 04:00:00,5
77.8997288428643,2008-07-03 05:00:00,5
77.9172287701833,2008-07-03 06:00:00,5
77.9302854579839,2008-07-03 07:00:00,5
77.9400526920579,2008-07-03 08:00:00,5
77.9450259120237,2008-07-03 09:00:00,5
77.9468524350042,2008-07-03 10:00:00,5
77.9446802231084,2008-07-03 11:00:00,5
77.9404207985611,2008-07-03 12:00:00,5
77.933594330811,2008-07-03 13:00:00,5
77.9261150158681,2008-07-03 14:00:00,5
77.9176076543762,2008-07-03 15:00:00,5
77.9097740317894,2008-07-03 16:00:00,5
77.9021508975367,2008-07-03 17:00:00,5
77.8961029939712,2008-07-03 18:00:00,5
77.8909865725294,2008-07-03 19:00:00,5
77.8878031649101,2008-07-03 20:00:00,5
77.8857290501312,2008-07-03 21:00:00,5
77.8854554000718,2008-07-03 22:00:00,5
77.8860435451484,2008-07-03 23:00:00,5
77.8879722212184,2008-07-04 00:00:00,5
77.8902809528489,2008-07-04 01:00:00,5
77.8933432826795,2008-07-04 02:00:00,5
77.8962652258984,2008-07-04 03:00:00,5
77.8994035541662,2008-07-04 04:00:00,5
77.9019918948354,2008-07-04 05:00:00,5
77.9044242049326,2008-07-04 06:00:00,5
77.9060865654921,2008-07-04 07:00:00,5
77.9074269045163,2008-07-04 08:00:00,5
77.9079750363149,2008-07-04 09:00:00,5
77.9082198093122,2008-07-04 10:00:00,5
77.9078030491901,2008-07-04 11:00:00,5
77.9072243729163,2008-07-04 12:00:00,5
77.9061964214813,2008-07-04 13:00:00,5
77.9051957263706,2008-07-04 14:00:00,5
77.9039672860023,2008-07-04 15:00:00,5
77.9029374657333,2008-07-04 16:00:00,5
77.9018560533614,2008-07-04 17:00:00,5
77.9010846618362,2008-07-04 18:00:00,5
77.9003643506909,2008-07-04 19:00:00,5
77.8999907567072,2008-07-04 20:00:00,5
77.8996955204009,2008-07-04 21:00:00,5
77.8997176195124,2008-07-04 22:00:00,5
77.8997873511648,2008-07-04 23:00:00,5
77.9001021458222,2008-07-05 00:00:00,5
77.9004027257621,2008-07-05 01:00:00,5
77.9008609579332,2008-07-05 02:00:00,5
77.9012389268524,2008-07-05 03:00:00,5
77.9016959894503,2008-07-05 04:00:00,5
77.9020227052416,2008-07-05 05:00:00,5
77.9023740106863,2008-07-05 06:00:00,5
77.9025710875546,2008-07-05 07:00:00,5
77.9027673319493,2008-07-05 08:00:00,5
77.9028122036055,2008-07-05 09:00:00,5
77.9028563340116,2008-07-05 10:00:00,5
77.9027721362239,2008-07-05 11:00:00,5
77.9027039475988,2008-07-05 12:00:00,5
77.9025407003164,2008-07-05 13:00:00,5
77.9024164480628,2008-07-05 14:00:00,5
77.9022307510177,2008-07-05 15:00:00,5
77.9021043435844,2008-07-05 16:00:00,5
77.9019431409092,2008-07-05 17:00:00,5
77.9018532253021,2008-07-05 18:00:00,5
77.9017445978891,2008-07-05 19:00:00,5
77.9017091431155,2008-07-05 20:00:00,5
77.9016604747388,2008-07-05 21:00:00,5
77.9016781085434,2008-07-05 22:00:00,5
77.9016800089896,2008-07-05 23:00:00,5
77.9017358651624,2008-07-06 00:00:00,5
77.9017692337287,2008-07-06 01:00:00,5
77.9018425591521,2008-07-06 02:00:00,5
77.9018861158325,2008-07-06 03:00:00,5
77.9019572172953,2008-07-06 04:00:00,5
77.9019934645739,2008-07-06 05:00:00,5
77.9020484248506,2008-07-06 06:00:00,5
77.9020669744826,2008-07-06 07:00:00,5
77.9020995742566,2008-07-06 08:00:00,5
77.9020977404297,2008-07-06 09:00:00,5
77.9021088882361,2008-07-06 10:00:00,5
77.902090167785,2008-07-06 11:00:00,5
77.9020856852476,2008-07-06 12:00:00,5
77.9020571050459,2008-07-06 13:00:00,5
77.9020448917413,2008-07-06 14:00:00,5
77.9020142135432,2008-07-06 15:00:00,5
77.9020016838238,2008-07-06 16:00:00,5
77.9019752136,2008-07-06 17:00:00,5
77.9019675772092,2008-07-06 18:00:00,5
77.9019489624162,2008-07-06 19:00:00,5
77.9019485459797,2008-07-06 20:00:00,5
77.9019385861685,2008-07-06 21:00:00,5
77.9019450737523,2008-07-06 22:00:00,5
77.9019423064505,2008-07-06 23:00:00,5
77.9019535792519,2008-07-07 00:00:00,5
77.9019552741214,2008-07-07 01:00:00,5
77.9019684680413,2008-07-07 02:00:00,5
77.9019716625702,2008-07-07 03:00:00,5
77.9019841148288,2008-07-07 04:00:00,5
77.9019864177622,2008-07-07 05:00:00,5
77.9019962945207,2008-07-07 06:00:00,5
77.9019963192167,2008-07-07 07:00:00,5
77.9020028555236,2008-07-07 08:00:00,5
77.9020002779067,2008-07-07 09:00:00,5
77.9020036787072,2008-07-07 10:00:00,5
77.9019990109577,2008-07-07 11:00:00,5
77.9020001338823,2008-07-07 12:00:00,5
77.9019943512055,2008-07-07 13:00:00,5
77.9019943129973,2008-07-07 14:00:00,5
77.9019884692485,2008-07-07 15:00:00,5
77.9019882969864,2008-07-07 16:00:00,5
77.9019832294561,2008-07-07 17:00:00,5
77.901983632219,2008-07-07 18:00:00,5
77.9019798050462,2008-07-07 19:00:00,5
77.9019810898601,2008-07-07 20:00:00,5
77.9019785765273,2008-07-07 21:00:00,5
77.90198068921,2008-07-07 22:00:00,5
77.9019792592726,2008-07-07 23:00:00,5
value,datetime,station_id
67.988509968644,2008-07-01 00:00:00,6
68.3358796852025,2008-07-01 01:00:00,6
68.9801936628202,2008-07-01 02:00:00,6
69.8485979098019,2008-07-01 03:00:00,6
70.8611769141328,2008-07-01 04:00:00,6
71.9353830087168,2008-07-01 05:00:00,6
72.9910272438674,2008-07-01 06:00:00,6
73.9555244453016,2008-07-01 07:00:00,6
74.7688349068932,2008-07-01 08:00:00,6
75.3874376928262,2008-07-01 09:00:00,6
75.7867438040165,2008-07-01 10:00:00,6
75.9615940497348,2008-07-01 11:00:00,6
75.9248170461603,2008-07-01 12:00:00,6
75.7041512042277,2008-07-01 13:00:00,6
75.3380733115836,2008-07-01 14:00:00,6
74.8711756057583,2008-07-01 15:00:00,6
74.3496920074021,2008-07-01 16:00:00,6
73.8176309048212,2008-07-01 17:00:00,6
73.313783318797,2008-07-01 18:00:00,6
72.8696944989929,2008-07-01 19:00:00,6
72.5085491051438,2008-07-01 20:00:00,6
72.244838257607,2008-07-01 21:00:00,6
72.0846461321846,2008-07-01 22:00:00,6
72.0263994077198,2008-07-01 23:00:00,6
72.0619470231563,2008-07-02 00:00:00,6
72.1778652483351,2008-07-02 01:00:00,6
72.3569042056654,2008-07-02 02:00:00,6
72.5795027272437,2008-07-02 03:00:00,6
72.8252998087219,2008-07-02 04:00:00,6
73.0745672996971,2008-07-02 05:00:00,6
73.3094856350017,2008-07-02 06:00:00,6
73.5151876502986,2008-07-02 07:00:00,6
73.6805080957577,2008-07-02 08:00:00,6
73.7983987290233,2008-07-02 09:00:00,6
73.8659983028894,2008-07-02 10:00:00,6
73.8843787492698,2008-07-02 11:00:00,6
73.8580180459933,2008-07-02 12:00:00,6
73.7940719860948,2008-07-02 13:00:00,6
73.7015284982865,2008-07-02 14:00:00,6
73.5903287064572,2008-07-02 15:00:00,6
73.4705300465091,2008-07-02 16:00:00,6
73.3515713384239,2008-07-02 17:00:00,6
73.2416810890511,2008-07-02 18:00:00,6
73.1474515221989,2008-07-02 19:00:00,6
73.0735841236868,2008-07-02 20:00:00,6
73.022799077296,2008-07-02 21:00:00,6
72.995891182375,2008-07-02 22:00:00,6
72.9919083873874,2008-07-02 23:00:00,6
73.0084253394818,2008-07-03 00:00:00,6
73.0418826956879,2008-07-03 01:00:00,6
73.0879628619277,2008-07-03 02:00:00,6
73.1419740181898,2008-07-03 03:00:00,6
73.1992166207443,2008-07-03 04:00:00,6
73.2553100003273,2008-07-03 05:00:00,6
73.3064611382474,2008-07-03 06:00:00,6
73.3496630411448,2008-07-03 07:00:00,6
73.3828160519773,2008-07-03 08:00:00,6
73.4047715047102,2008-07-03 09:00:00,6
73.4153028560021,2008-07-03 10:00:00,6
73.4150143202169,2008-07-03 11:00:00,6
73.4052006964618,2008-07-03 12:00:00,6
73.387674263912,2008-07-03 13:00:00,6
73.3645752735624,2008-07-03 14:00:00,6
73.338181796244,2008-07-03 15:00:00,6
73.3107327528689,2008-07-03 16:00:00,6
73.2842751921682,2008-07-03 17:00:00,6
73.2605436582389,2008-07-03 18:00:00,6
73.2408761456522,2008-07-03 19:00:00,6
73.2261679566227,2008-07-03 20:00:00,6
73.2168619619942,2008-07-03 21:00:00,6
73.2129714603459,2008-07-03 22:00:00,6
73.2141300972702,2008-07-03 23:00:00,6
73.2196621689337,2008-07-04 00:00:00,6
73.2286660727096,2008-07-04 01:00:00,6
73.2401036394725,2008-07-04 02:00:00,6
73.2528885248216,2008-07-04 03:00:00,6
73.2659676730746,2008-07-04 04:00:00,6
73.2783910088359,2008-07-04 05:00:00,6
73.2893658568108,2008-07-04 06:00:00,6
73.2982940355616,2008-07-04 07:00:00,6
73.3047910088231,2008-07-04 08:00:00,6
73.3086878091199,2008-07-04 09:00:00,6
73.3100175872271,2008-07-04 10:00:00,6
73.3089895228223,2008-07-04 11:00:00,6
73.3059534173095,2008-07-04 12:00:00,6
73.301358567345,2008-07-04 13:00:00,6
73.2957105011099,2008-07-04 14:00:00,6
73.2895288849188,2008-07-04 15:00:00,6
73.2833094274987,2008-07-04 16:00:00,6
73.277491984808,2008-07-04 17:00:00,6
73.2724363639108,2008-07-04 18:00:00,6
73.2684066015363,2008-07-04 19:00:00,6
73.265563805468,2008-07-04 20:00:00,6
73.2639670385227,2008-07-04 21:00:00,6
73.263581227537,2008-07-04 22:00:00,6
73.2642907134243,2008-07-04 23:00:00,6
73.2659168315275,2008-07-05 00:00:00,6
73.2682378224264,2008-07-05 01:00:00,6
73.2710094115944,2008-07-05 02:00:00,6
73.2739845443538,2008-07-05 03:00:00,6
73.2769309978192,2008-07-05 04:00:00,6
73.2796458880561,2008-07-05 05:00:00,6
73.2819664213481,2008-07-05 06:00:00,6
73.2837765766,2008-07-05 07:00:00,6
73.2850097271778,2008-07-05 08:00:00,6
73.2856474942531,2008-07-05 09:00:00,6
73.2857153542114,2008-07-05 10:00:00,6
73.2852756896253,2008-07-05 11:00:00,6
73.2844190721119,2008-07-05 12:00:00,6
73.2832545969632,2008-07-05 13:00:00,6
73.2819000593871,2008-07-05 14:00:00,6
73.2804726799688,2008-07-05 15:00:00,6
73.27908096462,2008-07-05 16:00:00,6
73.2778181353119,2008-07-05 17:00:00,6
73.2767574060391,2008-07-05 18:00:00,6
73.2759492166656,2008-07-05 19:00:00,6
73.2754203869306,2008-07-05 20:00:00,6
73.2751750230643,2008-07-05 21:00:00,6
73.2751969067813,2008-07-05 22:00:00,6
73.2754530247666,2008-07-05 23:00:00,6
73.2758978574347,2008-07-06 00:00:00,6
73.2764780376249,2008-07-06 01:00:00,6
73.2771370098748,2008-07-06 02:00:00,6
73.2778193643026,2008-07-06 03:00:00,6
73.2784745801785,2008-07-06 04:00:00,6
73.2790599866599,2008-07-06 05:00:00,6
73.2795428255389,2008-07-06 06:00:00,6
73.2799013772242,2008-07-06 07:00:00,6
73.2801251813243,2008-07-06 08:00:00,6
73.2802144429239,2008-07-06 09:00:00,6
73.2801787619849,2008-07-06 10:00:00,6
73.2800353545594,2008-07-06 11:00:00,6
73.2798069502556,2008-07-06 12:00:00,6
73.2795195513551,2008-07-06 13:00:00,6
73.2792002268251,2008-07-06 14:00:00,6
73.2788750915942,2008-07-06 15:00:00,6
73.2785675907509,2008-07-06 16:00:00,6
73.2782971728476,2008-07-06 17:00:00,6
73.2780783993222,2008-07-06 18:00:00,6
73.2779205009649,2008-07-06 19:00:00,6
73.2778273597846,2008-07-06 20:00:00,6
73.2777978674062,2008-07-06 21:00:00,6
73.277826590546,2008-07-06 22:00:00,6
73.2779046608103,2008-07-06 23:00:00,6
73.2780208001167,2008-07-07 00:00:00,6
73.278162394,2008-07-07 01:00:00,6
73.2783165320392,2008-07-07 02:00:00,6
73.2784709464618,2008-07-07 03:00:00,6
73.2786147952139,2008-07-07 04:00:00,6
73.2787392530015,2008-07-07 05:00:00,6
73.2788378915393,2008-07-07 06:00:00,6
73.2789068472126,2008-07-07 07:00:00,6
73.2789447894487,2008-07-07 08:00:00,6
73.2789527154851,2008-07-07 09:00:00,6
73.2789336063479,2008-07-07 10:00:00,6
73.2788919844762,2008-07-07 11:00:00,6
73.2788334155482,2008-07-07 12:00:00,6
73.2787639959603,2008-07-07 13:00:00,6
73.2786898635314,2008-07-07 14:00:00,6
73.2786167629502,2008-07-07 15:00:00,6
73.2785496899384,2008-07-07 16:00:00,6
73.278492629765,2008-07-07 17:00:00,6
73.2784483973008,2008-07-07 18:00:00,6
73.2784185778463,2008-07-07 19:00:00,6
73.2784035610029,2008-07-07 20:00:00,6
73.2784026542546,2008-07-07 21:00:00,6
73.2784142589187,2008-07-07 22:00:00,6
73.2784360888028,2008-07-07 23:00:00,6
value,datetime,station_id
67.988509968644,2008-07-01 00:00:00,7
68.3358796852025,2008-07-01 01:00:00,7
68.9801936628202,2008-07-01 02:00:00,7
69.8485979098019,2008-07-01 03:00:00,7
70.8611769141328,2008-07-01 04:00:00,7
71.9353830087168,2008-07-01 05:00:00,7
72.9910272438674,2008-07-01 06:00:00,7
73.9555244453016,2008-07-01 07:00:00,7
74.7688349068932,2008-07-01 08:00:00,7
75.3874376928262,2008-07-01 09:00:00,7
75.7867438040165,2008-07-01 10:00:00,7
75.9615940497348,2008-07-01 11:00:00,7
75.9248170461603,2008-07-01 12:00:00,7
75.7041512042277,2008-07-01 13:00:00,7
75.3380733115836,2008-07-01 14:00:00,7
74.8711756057583,2008-07-01 15:00:00,7
74.3496920074021,2008-07-01 16:00:00,7
73.8176309048212,2008-07-01 17:00:00,7
73.313783318797,2008-07-01 18:00:00,7
72.8696944989929,2008-07-01 19:00:00,7
72.5085491051438,2008-07-01 20:00:00,7
72.244838257607,2008-07-01 21:00:00,7
72.0846461321846,2008-07-01 22:00:00,7
72.0263994077198,2008-07-01 23:00:00,7
72.0619470231563,2008-07-02 00:00:00,7
72.1778652483351,2008-07-02 01:00:00,7
72.3569042056654,2008-07-02 02:00:00,7
72.5795027272437,2008-07-02 03:00:00,7
72.8252998087219,2008-07-02 04:00:00,7
73.0745672996971,2008-07-02 05:00:00,7
73.3094856350017,2008-07-02 06:00:00,7
73.5151876502986,2008-07-02 07:00:00,7
73.6805080957577,2008-07-02 08:00:00,7
73.7983987290233,2008-07-02 09:00:00,7
73.8659983028894,2008-07-02 10:00:00,7
73.8843787492698,2008-07-02 11:00:00,7
73.8580180459933,2008-07-02 12:00:00,7
73.7940719860948,2008-07-02 13:00:00,7
73.7015284982865,2008-07-02 14:00:00,7
73.5903287064572,2008-07-02 15:00:00,7
73.4705300465091,2008-07-02 16:00:00,7
73.3515713384239,2008-07-02 17:00:00,7
73.2416810890511,2008-07-02 18:00:00,7
73.1474515221989,2008-07-02 19:00:00,7
73.0735841236868,2008-07-02 20:00:00,7
73.022799077296,2008-07-02 21:00:00,7
72.995891182375,2008-07-02 22:00:00,7
72.9919083873874,2008-07-02 23:00:00,7
73.0084253394818,2008-07-03 00:00:00,7
73.0418826956879,2008-07-03 01:00:00,7
73.0879628619277,2008-07-03 02:00:00,7
73.1419740181898,2008-07-03 03:00:00,7
73.1992166207443,2008-07-03 04:00:00,7
73.2553100003273,2008-07-03 05:00:00,7
73.3064611382474,2008-07-03 06:00:00,7
73.3496630411448,2008-07-03 07:00:00,7
73.3828160519773,2008-07-03 08:00:00,7
73.4047715047102,2008-07-03 09:00:00,7
73.4153028560021,2008-07-03 10:00:00,7
73.4150143202169,2008-07-03 11:00:00,7
73.4052006964618,2008-07-03 12:00:00,7
73.387674263912,2008-07-03 13:00:00,7
73.3645752735624,2008-07-03 14:00:00,7
73.338181796244,2008-07-03 15:00:00,7
73.3107327528689,2008-07-03 16:00:00,7
73.2842751921682,2008-07-03 17:00:00,7
73.2605436582389,2008-07-03 18:00:00,7
73.2408761456522,2008-07-03 19:00:00,7
73.2261679566227,2008-07-03 20:00:00,7
73.2168619619942,2008-07-03 21:00:00,7
73.2129714603459,2008-07-03 22:00:00,7
73.2141300972702,2008-07-03 23:00:00,7
73.2196621689337,2008-07-04 00:00:00,7
73.2286660727096,2008-07-04 01:00:00,7
73.2401036394725,2008-07-04 02:00:00,7
73.2528885248216,2008-07-04 03:00:00,7
73.2659676730746,2008-07-04 04:00:00,7
73.2783910088359,2008-07-04 05:00:00,7
73.2893658568108,2008-07-04 06:00:00,7
73.2982940355616,2008-07-04 07:00:00,7
73.3047910088231,2008-07-04 08:00:00,7
73.3086878091199,2008-07-04 09:00:00,7
73.3100175872271,2008-07-04 10:00:00,7
73.3089895228223,2008-07-04 11:00:00,7
73.3059534173095,2008-07-04 12:00:00,7
73.301358567345,2008-07-04 13:00:00,7
73.2957105011099,2008-07-04 14:00:00,7
73.2895288849188,2008-07-04 15:00:00,7
73.2833094274987,2008-07-04 16:00:00,7
73.277491984808,2008-07-04 17:00:00,7
73.2724363639108,2008-07-04 18:00:00,7
73.2684066015363,2008-07-04 19:00:00,7
73.265563805468,2008-07-04 20:00:00,7
73.2639670385227,2008-07-04 21:00:00,7
73.263581227537,2008-07-04 22:00:00,7
73.2642907134243,2008-07-04 23:00:00,7
73.2659168315275,2008-07-05 00:00:00,7
73.2682378224264,2008-07-05 01:00:00,7
73.2710094115944,2008-07-05 02:00:00,7
73.2739845443538,2008-07-05 03:00:00,7
73.2769309978192,2008-07-05 04:00:00,7
73.2796458880561,2008-07-05 05:00:00,7
73.2819664213481,2008-07-05 06:00:00,7
73.2837765766,2008-07-05 07:00:00,7
73.2850097271778,2008-07-05 08:00:00,7
73.2856474942531,2008-07-05 09:00:00,7
73.2857153542114,2008-07-05 10:00:00,7
73.2852756896253,2008-07-05 11:00:00,7
73.2844190721119,2008-07-05 12:00:00,7
73.2832545969632,2008-07-05 13:00:00,7
73.2819000593871,2008-07-05 14:00:00,7
73.2804726799688,2008-07-05 15:00:00,7
73.27908096462,2008-07-05 16:00:00,7
73.2778181353119,2008-07-05 17:00:00,7
73.2767574060391,2008-07-05 18:00:00,7
73.2759492166656,2008-07-05 19:00:00,7
73.2754203869306,2008-07-05 20:00:00,7
73.2751750230643,2008-07-05 21:00:00,7
73.2751969067813,2008-07-05 22:00:00,7
73.2754530247666,2008-07-05 23:00:00,7
73.2758978574347,2008-07-06 00:00:00,7
73.2764780376249,2008-07-06 01:00:00,7
73.2771370098748,2008-07-06 02:00:00,7
73.2778193643026,2008-07-06 03:00:00,7
73.2784745801785,2008-07-06 04:00:00,7
73.2790599866599,2008-07-06 05:00:00,7
73.2795428255389,2008-07-06 06:00:00,7
73.2799013772242,2008-07-06 07:00:00,7
73.2801251813243,2008-07-06 08:00:00,7
73.2802144429239,2008-07-06 09:00:00,7
73.2801787619849,2008-07-06 10:00:00,7
73.2800353545594,2008-07-06 11:00:00,7
73.2798069502556,2008-07-06 12:00:00,7
73.2795195513551,2008-07-06 13:00:00,7
73.2792002268251,2008-07-06 14:00:00,7
73.2788750915942,2008-07-06 15:00:00,7
73.2785675907509,2008-07-06 16:00:00,7
73.2782971728476,2008-07-06 17:00:00,7
73.2780783993222,2008-07-06 18:00:00,7
73.2779205009649,2008-07-06 19:00:00,7
73.2778273597846,2008-07-06 20:00:00,7
73.2777978674062,2008-07-06 21:00:00,7
73.277826590546,2008-07-06 22:00:00,7
73.2779046608103,2008-07-06 23:00:00,7
73.2780208001167,2008-07-07 00:00:00,7
73.278162394,2008-07-07 01:00:00,7
73.2783165320392,2008-07-07 02:00:00,7
73.2784709464618,2008-07-07 03:00:00,7
73.2786147952139,2008-07-07 04:00:00,7
73.2787392530015,2008-07-07 05:00:00,7
73.2788378915393,2008-07-07 06:00:00,7
73.2789068472126,2008-07-07 07:00:00,7
73.2789447894487,2008-07-07 08:00:00,7
73.2789527154851,2008-07-07 09:00:00,7
73.2789336063479,2008-07-07 10:00:00,7
73.2788919844762,2008-07-07 11:00:00,7
73.2788334155482,2008-07-07 12:00:00,7
73.2787639959603,2008-07-07 13:00:00,7
73.2786898635314,2008-07-07 14:00:00,7
73.2786167629502,2008-07-07 15:00:00,7
73.2785496899384,2008-07-07 16:00:00,7
73.278492629765,2008-07-07 17:00:00,7
73.2784483973008,2008-07-07 18:00:00,7
73.2784185778463,2008-07-07 19:00:00,7
73.2784035610029,2008-07-07 20:00:00,7
73.2784026542546,2008-07-07 21:00:00,7
73.2784142589187,2008-07-07 22:00:00,7
73.2784360888028,2008-07-07 23:00:00,7
value,datetime,station_id
72.1131553533069,2008-07-01 00:00:00,8
73.434983940134,2008-07-01 01:00:00,8
74.7978175729795,2008-07-01 02:00:00,8
76.2412440158401,2008-07-01 03:00:00,8
77.5705916236907,2008-07-01 04:00:00,8
78.7286572586639,2008-07-01 05:00:00,8
79.6638787370081,2008-07-01 06:00:00,8
80.3590635674111,2008-07-01 07:00:00,8
80.8066807328927,2008-07-01 08:00:00,8
81.0248292660285,2008-07-01 09:00:00,8
81.0443115949274,2008-07-01 10:00:00,8
80.9050387623599,2008-07-01 11:00:00,8
80.6498934176446,2008-07-01 12:00:00,8
80.3215013700676,2008-07-01 13:00:00,8
79.9585939764384,2008-07-01 14:00:00,8
79.5940126334674,2008-07-01 15:00:00,8
79.2535558702308,2008-07-01 16:00:00,8
78.9557489851124,2008-07-01 17:00:00,8
78.7121543718667,2008-07-01 18:00:00,8
78.528128483101,2008-07-01 19:00:00,8
78.4038194401342,2008-07-01 20:00:00,8
78.3352859442173,2008-07-01 21:00:00,8
78.3156291366861,2008-07-01 22:00:00,8
78.3360704324875,2008-07-01 23:00:00,8
78.3869225324372,2008-07-02 00:00:00,8
78.4584201641095,2008-07-02 01:00:00,8
78.5413893052856,2008-07-02 02:00:00,8
78.6277458132345,2008-07-02 03:00:00,8
78.7108243447132,2008-07-02 04:00:00,8
78.785547921458,2008-07-02 05:00:00,8
78.8484564041833,2008-07-02 06:00:00,8
78.8976182756353,2008-07-02 07:00:00,8
78.932453906469,2008-07-02 08:00:00,8
78.9534997685543,2008-07-02 09:00:00,8
78.9621419388283,2008-07-02 10:00:00,8
78.9603441115925,2008-07-02 11:00:00,8
78.9503907849239,2008-07-02 12:00:00,8
78.934660971507,2008-07-02 13:00:00,8
78.9154423291495,2008-07-02 14:00:00,8
78.8947905247093,2008-07-02 15:00:00,8
78.8744342951193,2008-07-02 16:00:00,8
78.8557232498477,2008-07-02 17:00:00,8
78.8396130299439,2008-07-02 18:00:00,8
78.8266809536441,2008-07-02 19:00:00,8
78.817164622113,2008-07-02 20:00:00,8
78.8110159799035,2008-07-02 21:00:00,8
78.807963860654,2008-07-02 22:00:00,8
78.8075789428783,2008-07-02 23:00:00,8
78.8093361525298,2008-07-03 00:00:00,8
78.8126707577996,2008-07-03 01:00:00,8
78.8170256085574,2008-07-03 02:00:00,8
78.8218881007908,2008-07-03 03:00:00,8
78.8268164387613,2008-07-03 04:00:00,8
78.8314555871126,2008-07-03 05:00:00,8
78.8355439322922,2008-07-03 06:00:00,8
78.8389121036172,2008-07-03 07:00:00,8
78.8414756487494,2008-07-03 08:00:00,8
78.8432233364513,2008-07-03 09:00:00,8
78.8442027989582,2008-07-03 10:00:00,8
78.8445050590836,2008-07-03 11:00:00,8
78.8442492464865,2008-07-03 12:00:00,8
78.8435685252252,2008-07-03 13:00:00,8
78.8425979591924,2008-07-03 14:00:00,8
78.8414647568276,2008-07-03 15:00:00,8
78.8402810795839,2008-07-03 16:00:00,8
78.8391393821725,2008-07-03 17:00:00,8
78.8381100833745,2008-07-03 18:00:00,8
78.8372412461713,2008-07-03 19:00:00,8
78.8365598731938,2008-07-03 20:00:00,8
78.8360743932191,2008-07-03 21:00:00,8
78.8357779198581,2008-07-03 22:00:00,8
78.8356518968922,2008-07-03 23:00:00,8
78.8356697977842,2008-07-04 00:00:00,8
78.8358006119681,2008-07-04 01:00:00,8
78.836011920605,2008-07-04 02:00:00,8
78.836272433723,2008-07-04 03:00:00,8
78.8365539244247,2008-07-04 04:00:00,8
78.8368325508834,2008-07-04 05:00:00,8
78.8370896011558,2008-07-04 06:00:00,8
78.8373117285659,2008-07-04 07:00:00,8
78.837490766695,2008-07-04 08:00:00,8
78.8376232237278,2008-07-04 09:00:00,8
78.8377095574964,2008-07-04 10:00:00,8
78.8377533268082,2008-07-04 11:00:00,8
78.8377603034497,2008-07-04 12:00:00,8
78.8377376145305,2008-07-04 13:00:00,8
78.8376929683229,2008-07-04 14:00:00,8
78.8376339999688,2008-07-04 15:00:00,8
78.8375677575965,2008-07-04 16:00:00,8
78.8375003354101,2008-07-04 17:00:00,8
78.8374366487707,2008-07-04 18:00:00,8
78.8373803374812,2008-07-04 19:00:00,8
78.8373337774549,2008-07-04 20:00:00,8
78.8372981775381,2008-07-04 21:00:00,8
78.8372737371653,2008-07-04 22:00:00,8
78.8372598413376,2008-07-04 23:00:00,8
78.8372552716975,2008-07-05 00:00:00,8
78.8372584157452,2008-07-05 01:00:00,8
78.8372674600864,2008-07-05 02:00:00,8
78.8372805576264,2008-07-05 03:00:00,8
78.8372959625146,2008-07-05 04:00:00,8
78.8373121301624,2008-07-05 05:00:00,8
78.8373277826283,2008-07-05 06:00:00,8
78.8373419420039,2008-07-05 07:00:00,8
78.8373539361069,2008-07-05 08:00:00,8
78.8373633818139,2008-07-05 09:00:00,8
78.8373701518142,2008-07-05 10:00:00,8
78.8373743305162,2008-07-05 11:00:00,8
78.8373761644054,2008-07-05 12:00:00,8
78.8373760114415,2008-07-05 13:00:00,8
78.8373742931991,2008-07-05 14:00:00,8
78.8373714525008,2008-07-05 15:00:00,8
78.8373679183406,2008-07-05 16:00:00,8
78.8373640790223,2008-07-05 17:00:00,8
78.8373602636724,2008-07-05 18:00:00,8
78.8373567316776,2008-07-05 19:00:00,8
78.8373536691389,2008-07-05 20:00:00,8
78.8373511911365,2008-07-05 21:00:00,8
78.8373493484473,2008-07-05 22:00:00,8
78.8373481373277,2008-07-05 23:00:00,8
78.8373475110506,2008-07-06 00:00:00,8
78.8373473920336,2008-07-06 01:00:00,8
78.8373476835971,2008-07-06 02:00:00,8
78.8373482806125,2008-07-06 03:00:00,8
78.8373490785337,2008-07-06 04:00:00,8
78.8373499805203,2008-07-06 05:00:00,8
78.8373509025528,2008-07-06 06:00:00,8
78.8373517766023,2008-07-06 07:00:00,8
78.8373525520359,2008-07-06 08:00:00,8
78.8373531955266,2008-07-06 09:00:00,8
78.8373536897826,2008-07-06 10:00:00,8
78.8373540314286,2008-07-06 11:00:00,8
78.8373542283609,2008-07-06 12:00:00,8
78.8373542968688,2008-07-06 13:00:00,8
78.8373542587701,2008-07-06 14:00:00,8
78.837354138756,2008-07-06 15:00:00,8
78.8373539620855,2008-07-06 16:00:00,8
78.8373537527184,2008-07-06 17:00:00,8
78.8373535319238,2008-07-06 18:00:00,8
78.8373533173631,2008-07-06 19:00:00,8
78.8373531226127,2008-07-06 20:00:00,8
78.8373529570679,2008-07-06 21:00:00,8
78.8373528261573,2008-07-06 22:00:00,8
78.8373527317869,2008-07-06 23:00:00,8
78.8373526729369,2008-07-07 00:00:00,8
78.8373526463374,2008-07-07 01:00:00,8
78.8373526471603,2008-07-07 02:00:00,8
78.8373526696764,2008-07-07 03:00:00,8
78.8373527078384,2008-07-07 04:00:00,8
78.837352755766,2008-07-07 05:00:00,8
78.8373528081186,2008-07-07 06:00:00,8
78.8373528603535,2008-07-07 07:00:00,8
78.8373529088762,2008-07-07 08:00:00,8
78.8373529510926,2008-07-07 09:00:00,8
78.8373529853822,2008-07-07 10:00:00,8
78.8373530110089,2008-07-07 11:00:00,8
78.8373530279891,2008-07-07 12:00:00,8
78.8373530369348,2008-07-07 13:00:00,8
78.8373530388882,2008-07-07 14:00:00,8
78.8373530351602,2008-07-07 15:00:00,8
78.8373530271843,2008-07-07 16:00:00,8
78.8373530163919,2008-07-07 17:00:00,8
78.8373530041132,2008-07-07 18:00:00,8
78.8373529915064,2008-07-07 19:00:00,8
78.8373529795128,2008-07-07 20:00:00,8
78.8373529688366,2008-07-07 21:00:00,8
78.8373529599449,2008-07-07 22:00:00,8
78.8373529530848,2008-07-07 23:00:00,8
value,datetime,station_id
69.5524922112644,2008-07-01 00:00:00,9
70.4856670856442,2008-07-01 01:00:00,9
71.7028958977615,2008-07-01 02:00:00,9
73.0985693720028,2008-07-01 03:00:00,9
74.5632353752266,2008-07-01 04:00:00,9
75.990003957854,2008-07-01 05:00:00,9
77.2817611192636,2008-07-01 06:00:00,9
78.3582781151796,2008-07-01 07:00:00,9
79.1620889439229,2008-07-01 08:00:00,9
79.6621121375388,2008-07-01 09:00:00,9
79.8543900984188,2008-07-01 10:00:00,9
79.759885749218,2008-07-01 11:00:00,9
79.4198351558992,2008-07-01 12:00:00,9
78.8895464693874,2008-07-01 13:00:00,9
78.2316752458768,2008-07-01 14:00:00,9
77.5099025044179,2008-07-01 15:00:00,9
76.7836744735531,2008-07-01 16:00:00,9
76.1043385799676,2008-07-01 17:00:00,9
75.5127207446542,2008-07-01 18:00:00,9
75.03798803884,2008-07-01 19:00:00,9
74.6975407995485,2008-07-01 20:00:00,9
74.4976623314807,2008-07-01 21:00:00,9
74.4346913089752,2008-07-01 22:00:00,9
74.4965402032367,2008-07-01 23:00:00,9
74.6644379737739,2008-07-02 00:00:00,9
74.9148125559557,2008-07-02 01:00:00,9
75.2212439054021,2008-07-02 02:00:00,9
75.5564149134937,2008-07-02 03:00:00,9
75.8939738163905,2008-07-02 04:00:00,9
76.210208210621,2008-07-02 05:00:00,9
76.4854269269609,2008-07-02 06:00:00,9
76.7049578400927,2008-07-02 07:00:00,9
76.8596983490169,2008-07-02 08:00:00,9
76.9461969133859,2008-07-02 09:00:00,9
76.9662911680982,2008-07-02 10:00:00,9
76.9263718816584,2008-07-02 11:00:00,9
76.8363746178495,2008-07-02 12:00:00,9
76.708617685695,2008-07-02 13:00:00,9
76.5566049322781,2008-07-02 14:00:00,9
76.3938977020855,2008-07-02 15:00:00,9
76.2331366136298,2008-07-02 16:00:00,9
76.0852661064944,2008-07-02 17:00:00,9
75.9589877310812,2008-07-02 18:00:00,9
75.8604451446686,2008-07-02 19:00:00,9
75.7931262936007,2008-07-02 20:00:00,9
75.757956406153,2008-07-02 21:00:00,9
75.7535483585354,2008-07-02 22:00:00,9
75.7765734887018,2008-07-02 23:00:00,9
75.8222148655595,2008-07-03 00:00:00,9
75.8846655542367,2008-07-03 01:00:00,9
75.9576361421131,2008-07-03 02:00:00,9
76.034838634882,2008-07-03 03:00:00,9
76.1104179024427,2008-07-03 04:00:00,9
76.1793072460058,2008-07-03 05:00:00,9
76.2374913029793,2008-07-03 06:00:00,9
76.2821670953072,2008-07-03 07:00:00,9
76.3118020152998,2008-07-03 08:00:00,9
76.3260952339922,2008-07-03 09:00:00,9
76.3258556913338,2008-07-03 10:00:00,9
76.3128148789386,2008-07-03 11:00:00,9
76.289395668419,2008-07-03 12:00:00,9
76.2584593582048,2008-07-03 13:00:00,9
76.2230520622366,2008-07-03 14:00:00,9
76.1861689079507,2008-07-03 15:00:00,9
76.1505507357294,2008-07-03 16:00:00,9
76.118523618216,2008-07-03 17:00:00,9
76.0918870236311,2008-07-03 18:00:00,9
76.0718522180346,2008-07-03 19:00:00,9
76.0590288095753,2008-07-03 20:00:00,9
76.0534543454634,2008-07-03 21:00:00,9
76.0546596510308,2008-07-03 22:00:00,9
76.0617611550653,2008-07-03 23:00:00,9
76.0735707389455,2008-07-04 00:00:00,9
76.0887136152127,2008-07-04 01:00:00,9
76.1057453036106,2008-07-04 02:00:00,9
76.1232598354145,2008-07-04 03:00:00,9
76.139982772896,2008-07-04 04:00:00,9
76.1548443597698,2008-07-04 05:00:00,9
76.1670299896854,2008-07-04 06:00:00,9
76.1760070580209,2008-07-04 07:00:00,9
76.1815290168252,2008-07-04 08:00:00,9
76.1836189684962,2008-07-04 09:00:00,9
76.1825363208555,2008-07-04 10:00:00,9
76.1787308278609,2008-07-04 11:00:00,9
76.1727887359684,2008-07-04 12:00:00,9
76.1653757613706,2008-07-04 13:00:00,9
76.1571812837793,2008-07-04 14:00:00,9
76.1488675264519,2008-07-04 15:00:00,9
76.141026681374,2008-07-04 16:00:00,9
76.1341480184223,2008-07-04 17:00:00,9
76.1285960694007,2008-07-04 18:00:00,9
76.124600073461,2008-07-04 19:00:00,9
76.1222540670731,2008-07-04 20:00:00,9
76.1215263412938,2008-07-04 21:00:00,9
76.1222764976943,2008-07-04 22:00:00,9
76.1242780232942,2008-07-04 23:00:00,9
76.1272441724754,2008-07-05 00:00:00,9
76.1308549772873,2008-07-05 01:00:00,9
76.1347833851229,2008-07-05 02:00:00,9
76.1387188161039,2008-07-05 03:00:00,9
76.1423868090216,2008-07-05 04:00:00,9
76.1455638496868,2008-07-05 05:00:00,9
76.1480869147346,2008-07-05 06:00:00,9
76.149857685489,2008-07-05 07:00:00,9
76.1508417630692,2008-07-05 08:00:00,9
76.1510635261082,2008-07-05 09:00:00,9
76.1505975018615,2008-07-05 10:00:00,9
76.1495572630416,2008-07-05 11:00:00,9
76.1480829165261,2008-07-05 12:00:00,9
76.1463282225845,2008-07-05 13:00:00,9
76.1444482860516,2008-07-05 14:00:00,9
76.1425886091822,2008-07-05 15:00:00,9
76.1408761070409,2008-07-05 16:00:00,9
76.1394124780572,2008-07-05 17:00:00,9
76.1382701117279,2008-07-05 18:00:00,9
76.1374905174137,2008-07-05 19:00:00,9
76.1370850849656,2008-07-05 20:00:00,9
76.1370378485265,2008-07-05 21:00:00,9
76.1373098248252,2008-07-05 22:00:00,9
76.1378444387996,2008-07-05 23:00:00,9
76.1385735315076,2008-07-06 00:00:00,9
76.1394234644531,2008-07-06 01:00:00,9
76.1403208849813,2008-07-06 02:00:00,9
76.1411977921309,2008-07-06 03:00:00,9
76.1419956332994,2008-07-06 04:00:00,9
76.1426682610946,2008-07-06 05:00:00,9
76.143183679023,2008-07-06 06:00:00,9
76.1435245972798,2008-07-06 07:00:00,9
76.1436879001834,2008-07-06 08:00:00,9
76.143683190591,2008-07-06 09:00:00,9
76.1435306214048,2008-07-06 10:00:00,9
76.1432582491475,2008-07-06 11:00:00,9
76.1428991501324,2008-07-06 12:00:00,9
76.1424885278898,2008-07-06 13:00:00,9
76.1420610141064,2008-07-06 14:00:00,9
76.141648327966,2008-07-06 15:00:00,9
76.1412774143524,2008-07-06 16:00:00,9
76.1409691338251,2008-07-06 17:00:00,9
76.1407375302866,2008-07-06 18:00:00,9
76.1405896590338,2008-07-06 19:00:00,9
76.140525920979,2008-07-06 20:00:00,9
76.1405408200479,2008-07-06 21:00:00,9
76.1406240411613,2008-07-06 22:00:00,9
76.1407617360329,2008-07-06 23:00:00,9
76.1409379028906,2008-07-07 00:00:00,9
76.1411357531285,2008-07-07 01:00:00,9
76.1413389714302,2008-07-07 02:00:00,9
76.1415327943247,2008-07-07 03:00:00,9
76.1417048536041,2008-07-07 04:00:00,9
76.141845753697,2008-07-07 05:00:00,9
76.1419493742293,2008-07-07 06:00:00,9
76.1420129091516,2008-07-07 07:00:00,9
76.1420366707857,2008-07-07 08:00:00,9
76.1420237001523,2008-07-07 09:00:00,9
76.1419792335329,2008-07-07 10:00:00,9
76.1419100793263,2008-07-07 11:00:00,9
76.1418239591199,2008-07-07 12:00:00,9
76.1417288630211,2008-07-07 13:00:00,9
76.1416324623943,2008-07-07 14:00:00,9
76.141541614066,2008-07-07 15:00:00,9
76.1414619796778,2008-07-07 16:00:00,9
76.1413977730624,2008-07-07 17:00:00,9
76.1413516381003,2008-07-07 18:00:00,9
76.1413246501494,2008-07-07 19:00:00,9
76.1413164263643,2008-07-07 20:00:00,9
76.1413253243857,2008-07-07 21:00:00,9
76.1413487051567,2008-07-07 22:00:00,9
76.1413832340264,2008-07-07 23:00:00,9
value,datetime,station_id
70.6220489873798,2008-07-01 00:00:00,10
71.4824379288537,2008-07-01 01:00:00,10
72.4905141088232,2008-07-01 02:00:00,10
73.5576816153726,2008-07-01 03:00:00,10
74.6022384107142,2008-07-01 04:00:00,10
75.5540177601128,2008-07-01 05:00:00,10
76.3582675100398,2008-07-01 06:00:00,10
76.9782127152878,2008-07-01 07:00:00,10
77.3959271651038,2008-07-01 08:00:00,10
77.6114248941851,2008-07-01 09:00:00,10
77.6401848512387,2008-07-01 10:00:00,10
77.5095568864038,2008-07-01 11:00:00,10
77.2546136561943,2008-07-01 12:00:00,10
76.9140027769266,2008-07-01 13:00:00,10
76.5262451086396,2008-07-01 14:00:00,10
76.1267658052946,2008-07-01 15:00:00,10
75.7457817146701,2008-07-01 16:00:00,10
75.4070352560038,2008-07-01 17:00:00,10
75.1272763300774,2008-07-01 18:00:00,10
74.9163497970781,2008-07-01 19:00:00,10
74.777736657643,2008-07-01 20:00:00,10
74.7094089966511,2008-07-01 21:00:00,10
74.7048799159751,2008-07-01 22:00:00,10
74.7543515975956,2008-07-01 23:00:00,10
74.8458829143091,2008-07-02 00:00:00,10
74.9665116912715,2008-07-02 01:00:00,10
75.1032770866277,2008-07-02 02:00:00,10
75.2440967925961,2008-07-02 03:00:00,10
75.378463884755,2008-07-02 04:00:00,10
75.4979403185644,2008-07-02 05:00:00,10
75.596438286409,2008-07-02 06:00:00,10
75.670295864445,2008-07-02 07:00:00,10
75.7181679139671,2008-07-02 08:00:00,10
75.7407652573688,2008-07-02 09:00:00,10
75.7404832926399,2008-07-02 10:00:00,10
75.7209647006663,2008-07-02 11:00:00,10
75.6866397831449,2008-07-02 12:00:00,10
75.6422829750335,2008-07-02 13:00:00,10
75.592616373361,2008-07-02 14:00:00,10
75.541982035126,2008-07-02 15:00:00,10
75.4940955412109,2008-07-02 16:00:00,10
75.4518848520044,2008-07-02 17:00:00,10
75.4174114064609,2008-07-02 18:00:00,10
75.391865027774,2008-07-02 19:00:00,10
75.3756205265202,2008-07-02 20:00:00,10
75.3683417969786,2008-07-02 21:00:00,10
75.369118457303,2008-07-02 22:00:00,10
75.3766204352442,2008-07-02 23:00:00,10
75.3892571029834,2008-07-03 00:00:00,10
75.4053293949956,2008-07-03 01:00:00,10
75.4231656021668,2008-07-03 02:00:00,10
75.4412340408331,2008-07-03 03:00:00,10
75.4582283757178,2008-07-03 04:00:00,10
75.4731238704407,2008-07-03 05:00:00,10
75.4852051031872,2008-07-03 06:00:00,10
75.4940675966436,2008-07-03 07:00:00,10
75.4995972814327,2008-07-03 08:00:00,10
75.501932691654,2008-07-03 09:00:00,10
75.501415272867,2008-07-03 10:00:00,10
75.4985332002349,2008-07-03 11:00:00,10
75.4938637241571,2008-07-03 12:00:00,10
75.4880183721876,2008-07-03 13:00:00,10
75.4815944405145,2008-07-03 14:00:00,10
75.4751352072754,2008-07-03 15:00:00,10
75.4691002862003,2008-07-03 16:00:00,10
75.4638465898508,2008-07-03 17:00:00,10
75.4596195454895,2008-07-03 18:00:00,10
75.456553541902,2008-07-03 19:00:00,10
75.4546801019567,2008-07-03 20:00:00,10
75.4539419765618,2008-07-03 21:00:00,10
75.4542112307694,2008-07-03 22:00:00,10
75.4553094218747,2008-07-03 23:00:00,10
75.4570281253616,2008-07-04 00:00:00,10
75.4591483164532,2008-07-04 01:00:00,10
75.461457430478,2008-07-04 02:00:00,10
75.4637632727776,2008-07-04 03:00:00,10
75.4659042996598,2008-07-04 04:00:00,10
75.4677561212706,2008-07-04 05:00:00,10
75.4692343656837,2008-07-04 06:00:00,10
75.4702942771708,2008-07-04 07:00:00,10
75.4709275925689,2008-07-04 08:00:00,10
75.4711573455548,2008-07-04 09:00:00,10
75.4710312920708,2008-07-04 10:00:00,10
75.470614637793,2008-07-04 11:00:00,10
75.4699826900141,2008-07-04 12:00:00,10
75.4692139630697,2008-07-04 13:00:00,10
75.4683841505882,2008-07-04 14:00:00,10
75.4675612512167,2008-07-04 15:00:00,10
75.4668020077633,2008-07-04 16:00:00,10
75.4661497018695,2008-07-04 17:00:00,10
75.4656332443053,2008-07-04 18:00:00,10
75.4652674194029,2008-07-04 19:00:00,10
75.4650540835005,2008-07-04 20:00:00,10
75.4649840819985,2008-07-04 21:00:00,10
75.4650396364899,2008-07-04 22:00:00,10
75.4651969598069,2008-07-04 23:00:00,10
75.4654288791859,2008-07-05 00:00:00,10
75.4657072819838,2008-07-05 01:00:00,10
75.4660052402143,2008-07-05 02:00:00,10
75.4662987154735,2008-07-05 03:00:00,10
75.4665677908721,2008-07-05 04:00:00,10
75.4667974182676,2008-07-05 05:00:00,10
75.4669777050007,2008-07-05 06:00:00,10
75.4671037928741,2008-07-05 07:00:00,10
75.4671754024287,2008-07-05 08:00:00,10
75.4671961275408,2008-07-05 09:00:00,10
75.4671725694564,2008-07-05 10:00:00,10
75.4671133965646,2008-07-05 11:00:00,10
75.4670284077626,2008-07-05 12:00:00,10
75.4669276646866,2008-07-05 13:00:00,10
75.4668207429031,2008-07-05 14:00:00,10
75.4667161358539,2008-07-05 15:00:00,10
75.4666208292589,2008-07-05 16:00:00,10
75.4665400488936,2008-07-05 17:00:00,10
75.4664771720089,2008-07-05 18:00:00,10
75.4664337827006,2008-07-05 19:00:00,10
75.4664098445402,2008-07-05 20:00:00,10
75.4664039597607,2008-07-05 21:00:00,10
75.4664136830774,2008-07-05 22:00:00,10
75.4664358594332,2008-07-05 23:00:00,10
75.4664669581445,2008-07-06 00:00:00,10
75.4665033805339,2008-07-06 01:00:00,10
75.4665417236266,2008-07-06 02:00:00,10
75.4665789883351,2008-07-06 03:00:00,10
75.4666127262903,2008-07-06 04:00:00,10
75.4666411247152,2008-07-06 05:00:00,10
75.4666630331861,2008-07-06 06:00:00,10
75.4666779396021,2008-07-06 07:00:00,10
75.4666859050958,2008-07-06 08:00:00,10
75.4666874689613,2008-07-06 09:00:00,10
75.4666835350292,2008-07-06 10:00:00,10
75.4666752504137,2008-07-06 11:00:00,10
75.4666638863619,2008-07-06 12:00:00,10
75.4666507292464,2008-07-06 13:00:00,10
75.4666369877574,2008-07-06 14:00:00,10
75.4666237202519,2008-07-06 15:00:00,10
75.4666117841735,2008-07-06 16:00:00,10
75.4666018076041,2008-07-06 17:00:00,10
75.4665941814398,2008-07-06 18:00:00,10
75.4665890694785,2008-07-06 19:00:00,10
75.466586432869,2008-07-06 20:00:00,10
75.4665860649334,2008-07-06 21:00:00,10
75.4665876322702,2008-07-06 22:00:00,10
75.4665907182545,2008-07-06 23:00:00,10
75.4665948654993,2008-07-07 00:00:00,10
75.4665996144584,2008-07-07 01:00:00,10
75.4666045360665,2008-07-07 02:00:00,10
75.4666092570696,2008-07-07 03:00:00,10
75.4666134774207,2008-07-07 04:00:00,10
75.4666169797757,2008-07-07 05:00:00,10
75.4666196316727,2008-07-07 06:00:00,10
75.4666213814004,2008-07-07 07:00:00,10
75.466622248845,2008-07-07 08:00:00,10
75.4666223127548,2008-07-07 09:00:00,10
75.4666216958836,2008-07-07 10:00:00,10
75.4666205493951,2008-07-07 11:00:00,10
75.4666190377388,2008-07-07 12:00:00,10
75.4666173249882,2008-07-07 13:00:00,10
75.4666155633682,2008-07-07 14:00:00,10
75.4666138844327,2008-07-07 15:00:00,10
75.4666123930915,2008-07-07 16:00:00,10
75.4666111644559,2008-07-07 17:00:00,10
75.4666102432789,2008-07-07 18:00:00,10
75.4666096456166,2008-07-07 19:00:00,10
75.4666093622446,2008-07-07 20:00:00,10
75.4666093633093,2008-07-07 21:00:00,10
75.4666096036931,2008-07-07 22:00:00,10
75.4666100286027,2008-07-07 23:00:00,10
value,datetime,station_id
70.6220489873798,2008-07-01 00:00:00,11
71.4824379288537,2008-07-01 01:00:00,11
72.4905141088232,2008-07-01 02:00:00,11
73.5576816153726,2008-07-01 03:00:00,11
74.6022384107142,2008-07-01 04:00:00,11
75.5540177601128,2008-07-01 05:00:00,11
76.3582675100398,2008-07-01 06:00:00,11
76.9782127152878,2008-07-01 07:00:00,11
77.3959271651038,2008-07-01 08:00:00,11
77.6114248941851,2008-07-01 09:00:00,11
77.6401848512387,2008-07-01 10:00:00,11
77.5095568864038,2008-07-01 11:00:00,11
77.2546136561943,2008-07-01 12:00:00,11
76.9140027769266,2008-07-01 13:00:00,11
76.5262451086396,2008-07-01 14:00:00,11
76.1267658052946,2008-07-01 15:00:00,11
75.7457817146701,2008-07-01 16:00:00,11
75.4070352560038,2008-07-01 17:00:00,11
75.1272763300774,2008-07-01 18:00:00,11
74.9163497970781,2008-07-01 19:00:00,11
74.777736657643,2008-07-01 20:00:00,11
74.7094089966511,2008-07-01 21:00:00,11
74.7048799159751,2008-07-01 22:00:00,11
74.7543515975956,2008-07-01 23:00:00,11
74.8458829143091,2008-07-02 00:00:00,11
74.9665116912715,2008-07-02 01:00:00,11
75.1032770866277,2008-07-02 02:00:00,11
75.2440967925961,2008-07-02 03:00:00,11
75.378463884755,2008-07-02 04:00:00,11
75.4979403185644,2008-07-02 05:00:00,11
75.596438286409,2008-07-02 06:00:00,11
75.670295864445,2008-07-02 07:00:00,11
75.7181679139671,2008-07-02 08:00:00,11
75.7407652573688,2008-07-02 09:00:00,11
75.7404832926399,2008-07-02 10:00:00,11
75.7209647006663,2008-07-02 11:00:00,11
75.6866397831449,2008-07-02 12:00:00,11
75.6422829750335,2008-07-02 13:00:00,11
75.592616373361,2008-07-02 14:00:00,11
75.541982035126,2008-07-02 15:00:00,11
75.4940955412109,2008-07-02 16:00:00,11
75.4518848520044,2008-07-02 17:00:00,11
75.4174114064609,2008-07-02 18:00:00,11
75.391865027774,2008-07-02 19:00:00,11
75.3756205265202,2008-07-02 20:00:00,11
75.3683417969786,2008-07-02 21:00:00,11
75.369118457303,2008-07-02 22:00:00,11
75.3766204352442,2008-07-02 23:00:00,11
75.3892571029834,2008-07-03 00:00:00,11
75.4053293949956,2008-07-03 01:00:00,11
75.4231656021668,2008-07-03 02:00:00,11
75.4412340408331,2008-07-03 03:00:00,11
75.4582283757178,2008-07-03 04:00:00,11
75.4731238704407,2008-07-03 05:00:00,11
75.4852051031872,2008-07-03 06:00:00,11
75.4940675966436,2008-07-03 07:00:00,11
75.4995972814327,2008-07-03 08:00:00,11
75.501932691654,2008-07-03 09:00:00,11
75.501415272867,2008-07-03 10:00:00,11
75.4985332002349,2008-07-03 11:00:00,11
75.4938637241571,2008-07-03 12:00:00,11
75.4880183721876,2008-07-03 13:00:00,11
75.4815944405145,2008-07-03 14:00:00,11
75.4751352072754,2008-07-03 15:00:00,11
75.4691002862003,2008-07-03 16:00:00,11
75.4638465898508,2008-07-03 17:00:00,11
75.4596195454895,2008-07-03 18:00:00,11
75.456553541902,2008-07-03 19:00:00,11
75.4546801019567,2008-07-03 20:00:00,11
75.4539419765618,2008-07-03 21:00:00,11
75.4542112307694,2008-07-03 22:00:00,11
75.4553094218747,2008-07-03 23:00:00,11
75.4570281253616,2008-07-04 00:00:00,11
75.4591483164532,2008-07-04 01:00:00,11
75.461457430478,2008-07-04 02:00:00,11
75.4637632727776,2008-07-04 03:00:00,11
75.4659042996598,2008-07-04 04:00:00,11
75.4677561212706,2008-07-04 05:00:00,11
75.4692343656837,2008-07-04 06:00:00,11
75.4702942771708,2008-07-04 07:00:00,11
75.4709275925689,2008-07-04 08:00:00,11
75.4711573455548,2008-07-04 09:00:00,11
75.4710312920708,2008-07-04 10:00:00,11
75.470614637793,2008-07-04 11:00:00,11
75.4699826900141,2008-07-04 12:00:00,11
75.4692139630697,2008-07-04 13:00:00,11
75.4683841505882,2008-07-04 14:00:00,11
75.4675612512167,2008-07-04 15:00:00,11
75.4668020077633,2008-07-04 16:00:00,11
75.4661497018695,2008-07-04 17:00:00,11
75.4656332443053,2008-07-04 18:00:00,11
75.4652674194029,2008-07-04 19:00:00,11
75.4650540835005,2008-07-04 20:00:00,11
75.4649840819985,2008-07-04 21:00:00,11
75.4650396364899,2008-07-04 22:00:00,11
75.4651969598069,2008-07-04 23:00:00,11
75.4654288791859,2008-07-05 00:00:00,11
75.4657072819838,2008-07-05 01:00:00,11
75.4660052402143,2008-07-05 02:00:00,11
75.4662987154735,2008-07-05 03:00:00,11
75.4665677908721,2008-07-05 04:00:00,11
75.4667974182676,2008-07-05 05:00:00,11
75.4669777050007,2008-07-05 06:00:00,11
75.4671037928741,2008-07-05 07:00:00,11
75.4671754024287,2008-07-05 08:00:00,11
75.4671961275408,2008-07-05 09:00:00,11
75.4671725694564,2008-07-05 10:00:00,11
75.4671133965646,2008-07-05 11:00:00,11
75.4670284077626,2008-07-05 12:00:00,11
75.4669276646866,2008-07-05 13:00:00,11
75.4668207429031,2008-07-05 14:00:00,11
75.4667161358539,2008-07-05 15:00:00,11
75.4666208292589,2008-07-05 16:00:00,11
75.4665400488936,2008-07-05 17:00:00,11
75.4664771720089,2008-07-05 18:00:00,11
75.4664337827006,2008-07-05 19:00:00,11
75.4664098445402,2008-07-05 20:00:00,11
75.4664039597607,2008-07-05 21:00:00,11
75.4664136830774,2008-07-05 22:00:00,11
75.4664358594332,2008-07-05 23:00:00,11
75.4664669581445,2008-07-06 00:00:00,11
75.4665033805339,2008-07-06 01:00:00,11
75.4665417236266,2008-07-06 02:00:00,11
75.4665789883351,2008-07-06 03:00:00,11
75.4666127262903,2008-07-06 04:00:00,11
75.4666411247152,2008-07-06 05:00:00,11
75.4666630331861,2008-07-06 06:00:00,11
75.4666779396021,2008-07-06 07:00:00,11
75.4666859050958,2008-07-06 08:00:00,11
75.4666874689613,2008-07-06 09:00:00,11
75.4666835350292,2008-07-06 10:00:00,11
75.4666752504137,2008-07-06 11:00:00,11
75.4666638863619,2008-07-06 12:00:00,11
75.4666507292464,2008-07-06 13:00:00,11
75.4666369877574,2008-07-06 14:00:00,11
75.4666237202519,2008-07-06 15:00:00,11
75.4666117841735,2008-07-06 16:00:00,11
75.4666018076041,2008-07-06 17:00:00,11
75.4665941814398,2008-07-06 18:00:00,11
75.4665890694785,2008-07-06 19:00:00,11
75.466586432869,2008-07-06 20:00:00,11
75.4665860649334,2008-07-06 21:00:00,11
75.4665876322702,2008-07-06 22:00:00,11
75.4665907182545,2008-07-06 23:00:00,11
75.4665948654993,2008-07-07 00:00:00,11
75.4665996144584,2008-07-07 01:00:00,11
75.4666045360665,2008-07-07 02:00:00,11
75.4666092570696,2008-07-07 03:00:00,11
75.4666134774207,2008-07-07 04:00:00,11
75.4666169797757,2008-07-07 05:00:00,11
75.4666196316727,2008-07-07 06:00:00,11
75.4666213814004,2008-07-07 07:00:00,11
75.466622248845,2008-07-07 08:00:00,11
75.4666223127548,2008-07-07 09:00:00,11
75.4666216958836,2008-07-07 10:00:00,11
75.4666205493951,2008-07-07 11:00:00,11
75.4666190377388,2008-07-07 12:00:00,11
75.4666173249882,2008-07-07 13:00:00,11
75.4666155633682,2008-07-07 14:00:00,11
75.4666138844327,2008-07-07 15:00:00,11
75.4666123930915,2008-07-07 16:00:00,11
75.4666111644559,2008-07-07 17:00:00,11
75.4666102432789,2008-07-07 18:00:00,11
75.4666096456166,2008-07-07 19:00:00,11
75.4666093622446,2008-07-07 20:00:00,11
75.4666093633093,2008-07-07 21:00:00,11
75.4666096036931,2008-07-07 22:00:00,11
75.4666100286027,2008-07-07 23:00:00,11
